4.1851e+08,1718
4.1851e+08,1718
4.1851e+08,1724.1
4.1851e+08,1705.9
4.1851e+08,1718
4.1851e+08,1721
4.1851e+08,1724.1
4.1921e+08,1703.8
4.1921e+08,1724.1
4.1921e+08,1729.1
4.1921e+08,1724.1
4.1921e+08,1729.1
4.2205e+08,1697.8
4.2205e+08,1705.9
4.2205e+08,1678.6
4.2205e+08,1680.6
4.2205e+08,1685.6
4.2205e+08,1690.7
4.2266e+08,1706.9
4.2266e+08,1708.9
4.2266e+08,1698.8
4.2266e+08,1699.8
4.2266e+08,1688.7
4.2266e+08,1693.7
4.2335e+08,1714
4.2335e+08,1722.1
4.2447e+08,1711.9
4.2447e+08,1714
4.2522e+08,1682.6
4.2522e+08,1694.7
4.2557e+08,1688.7
4.2557e+08,1695.8
4.262e+08 ,1699.8
4.262e+08 ,1709.9
4.262e+08 ,1724.1
4.2626e+08,1699.8
4.2626e+08,1711.9
4.2629e+08,1691.7
4.2811e+08,1680.6
4.2811e+08,1695.8
4.2923e+08,1725.1
4.2923e+08,1730.2
4.2983e+08,1687.7
4.2983e+08,1691.7
4.2983e+08,1683.6
4.2983e+08,1688.7
4.3139e+08,1733.2
4.3139e+08,1734.2
4.3226e+08,1704.9
4.332e+08 ,1725.1
4.332e+08 ,1727.1
4.3346e+08,1745.3
4.3346e+08,1750.4
4.3415e+08,1756.5
4.3415e+08,1758.5
4.3476e+08,1722.1
4.3476e+08,1725.1
4.3606e+08,1765.6
4.3666e+08,1731.2
4.3666e+08,1739.3
4.3726e+08,1730.2
4.3726e+08,1732.2
4.3778e+08,1741.3
4.3778e+08,1744.3
4.3847e+08,1732.2
4.3908e+08,1718
4.3908e+08,1719
4.396e+08 ,1718
4.396e+08 ,1720
4.4029e+08,1742.3
4.4029e+08,1748.4
4.4072e+08,1738.3
4.4072e+08,1739.3
4.4138e+08,1718
4.4201e+08,1764.6
4.4201e+08,1769.6
4.4253e+08,1741.3
4.4253e+08,1753.4
4.4322e+08,1722.1
4.4322e+08,1728.1
4.4391e+08,1783.8
4.4391e+08,1784.8
4.4391e+08,1786.8
4.4452e+08,1826.3
4.4452e+08,1830.3
4.4495e+08,1758.5
4.4495e+08,1762.5
4.4564e+08,1762.5
4.4633e+08,1782.8
4.4633e+08,1785.8
4.4685e+08,1771.6
4.4685e+08,1774.7
4.4737e+08,1746.3
4.4737e+08,1748.4
4.4797e+08,1760.5
4.4858e+08,1748.4
4.4858e+08,1750.4
4.4944e+08,1742.3
4.4944e+08,1744.3
4.4988e+08,1733.2
4.4988e+08,1735.2
4.5053e+08,1746.3
4.5053e+08,1749.4
4.5117e+08,1734.2
4.5117e+08,1735.2
4.5161e+08,1739.3
4.5161e+08,1741.3
4.5221e+08,1731.2
4.5221e+08,1736.2
4.523e+08 ,1740.3
4.523e+08 ,1743.3
4.5239e+08,1731.2
4.5239e+08,1732.2
4.5248e+08,1733.2
4.5248e+08,1735.2
4.5265e+08,1726.1
4.5265e+08,1730.2
4.5273e+08,1738.3
4.5273e+08,1743.3
4.5282e+08,1732.2
4.5282e+08,1735.2
4.53e+08  ,1742.3
4.53e+08  ,1743.3
4.5308e+08,1727.1
4.5308e+08,1732.2
4.5309e+08,1735.2
4.5309e+08,1738.3
4.5326e+08,1735.2
4.5326e+08,1740.3
4.5333e+08,1731.2
4.5333e+08,1733.2
4.5358e+08,1722.1
4.5358e+08,1728.1
4.5377e+08,1728.1
4.5428e+08,1724.1
4.5428e+08,1731.2
4.548e+08 ,1725.1
4.548e+08 ,1729.1
4.5523e+08,1725.1
4.5523e+08,1726.1
4.5583e+08,1731.2
4.5583e+08,1735.2
4.5644e+08,1704.9
4.5644e+08,1707.9
4.5705e+08,1720
4.5705e+08,1721
4.5765e+08,1720
4.5765e+08,1724.1
4.5765e+08,1730.2
4.5826e+08,1718
4.5826e+08,1719
4.5921e+08,1705.9
4.6007e+08,1715
4.6007e+08,1716
4.6093e+08,1726.1
4.6155e+08,1714
4.6155e+08,1719
4.6214e+08,1736.2
4.6214e+08,1737.2
4.6267e+08,1737.2
4.6267e+08,1740.3
4.6309e+08,1725.1
4.6309e+08,1727.1
4.637e+08 ,1740.3
4.637e+08 ,1741.3
4.6431e+08,1781.8
4.6431e+08,1784.8
4.6551e+08,1736.9
4.6612e+08,1737.4
4.6612e+08,1739.2
4.6682e+08,1767.2
4.6682e+08,1770.4
4.6733e+08,1746.8
4.6733e+08,1749
4.6794e+08,1773.8
4.6794e+08,1775.5
4.6854e+08,1745
4.6854e+08,1747.8
4.6915e+08,1741.5
4.6915e+08,1743.4
4.6975e+08,1740.6
4.6975e+08,1743.4
4.7035e+08,1738.7
4.7035e+08,1741.1
4.7096e+08,1748.5
4.7096e+08,1751.5
4.7157e+08,1751
4.7157e+08,1752.1
4.7217e+08,1748.8
4.7217e+08,1750.8
4.7278e+08,1791.9
4.7278e+08,1792.8
4.7399e+08,1777.8
4.7399e+08,1779.3
4.7425e+08,1771.7
4.7425e+08,1777
4.7476e+08,1760.3
4.7476e+08,1763.2
4.7536e+08,1754.3
4.7536e+08,1755.1
4.7597e+08,1746.3
4.7597e+08,1746.9
4.7667e+08,1745.4
4.7667e+08,1747.3
4.7813e+08,1774.1
4.7813e+08,1774.6
4.7813e+08,1774.6
4.7813e+08,1775.3
4.7857e+08,1759.7
4.7857e+08,1759.7
4.79e+08  ,1760.8
4.79e+08  ,1760.9
4.7957e+08,1773.9
4.7957e+08,1777.2
4.803e+08 ,1747.6
4.803e+08 ,1750.3
4.8118e+08,1775.4
4.8118e+08,1778.2
4.8142e+08,1757.3
4.8142e+08,1757.8
4.8202e+08,1752.2
4.8202e+08,1753.6
4.8211e+08,1794.7
4.8211e+08,1794.9
4.8211e+08,1804.6
4.8211e+08,1805.2
4.8262e+08,1763.5
4.8262e+08,1766.3
4.8323e+08,1754.2
4.8323e+08,1755
4.8323e+08,1753.9
4.8323e+08,1756
4.8383e+08,1773.4
4.8383e+08,1773.6
4.8443e+08,1756
4.8443e+08,1759.6
4.8503e+08,1760.7
4.8592e+08,1743.9
4.8592e+08,1748
4.8624e+08,1739.2
4.8624e+08,1739.5
4.8685e+08,1730.8
4.8685e+08,1733.2
4.8745e+08,1726.1
4.8745e+08,1726.8
4.8806e+08,1737.6
4.8806e+08,1739.6
4.8867e+08,1734
4.8867e+08,1735.1
4.8971e+08,1717.5
4.8971e+08,1720.6
4.8997e+08,1711.5
4.8997e+08,1712.3
4.9058e+08,1714.6
4.9058e+08,1715
4.9109e+08,1707.8
4.9109e+08,1708
4.9213e+08,1738.3
4.9213e+08,1739.4
4.9283e+08,1715.7
4.9343e+08,1733.3
4.9343e+08,1733.4
4.9369e+08,1730.3
4.9369e+08,1730.5
4.9464e+08,1729.2
4.949e+08 ,1735.4
4.949e+08 ,1737.9
4.9533e+08,1748.6
4.9533e+08,1749.4
4.9671e+08,1752.3
4.9671e+08,1753.4
4.9676e+08,1751.9
4.9723e+08,1763.1
4.9723e+08,1764.1
4.9791e+08,1813.9
4.9791e+08,1814.2
4.9949e+08,1759.5
4.9949e+08,1759.8
5.0008e+08,1762.5
5.0008e+08,1763
5.013e+08 ,1792.5
5.013e+08 ,1793.2
5.0182e+08,1771
5.025e+08 ,1760.1
5.025e+08 ,1760.4
5.025e+08 ,1760.6
5.025e+08 ,1760.8
5.0285e+08,1785.2
5.0285e+08,1791
5.0285e+08,1783.8
5.0285e+08,1785.4
5.0285e+08,1786.5
5.0285e+08,1789.9
5.0318e+08,1748.3
5.0318e+08,1750.3
5.0318e+08,1749.5
5.0318e+08,1750.9
5.0318e+08,1757.7
5.0484e+08,1771.2
5.0484e+08,1772.3
5.0484e+08,1772.8
5.0484e+08,1774.4
5.0615e+08,1760.1
5.0673e+08,1768.1
5.0673e+08,1769.1
5.0795e+08,1782.9
5.0795e+08,1784.2
5.0916e+08,1802.2
5.0916e+08,1804.6
5.0975e+08,1782.6
5.0975e+08,1787.1
5.1029e+08,1812.4
5.1098e+08,1814.3
5.1098e+08,1816.3
5.1175e+08,1798.7
5.1175e+08,1800.2
5.1279e+08,1779.9
5.1279e+08,1785.8
5.1338e+08,1795.5
5.1338e+08,1796.8
5.1399e+08,1776.2
5.1512e+08,1775.4
5.1512e+08,1775.6
5.1563e+08,1762.2
5.1563e+08,1768
5.1771e+08,1748.9
5.1771e+08,1752.3
5.1822e+08,1750.8
5.1822e+08,1753.4
5.1822e+08,1749.6
5.1883e+08,1749.8
5.1883e+08,1751.2
5.197e+08 ,1739.7
5.197e+08 ,1742.8
5.197e+08 ,1741.9
5.197e+08 ,1746.6
5.2029e+08,1761.7
5.2029e+08,1763
5.2081e+08,1758.7
5.2081e+08,1764.3
5.2081e+08,1765.3
5.2081e+08,1766.5
5.2186e+08,1735
5.2186e+08,1736.7
5.2186e+08,1744.1
5.2186e+08,1748.5
5.2247e+08,1740.5
5.2247e+08,1740.2
5.2366e+08,1735.4
5.2366e+08,1730.3
5.2428e+08,1763.1
5.2428e+08,1762.3
5.2488e+08,1737.8
5.2488e+08,1739.8
5.2609e+08,1743.1
5.2609e+08,1748.3
5.2661e+08,1751.4
5.2661e+08,1754.6
5.2746e+08,1812.3
5.2746e+08,1814.9
5.2937e+08,1792.6
5.2937e+08,1793.3
5.3058e+08,1845.8
5.3058e+08,1849.1
5.311e+08 ,1837.9
5.311e+08 ,1841.5
5.324e+08 ,1764.4
5.324e+08 ,1768.4
5.3301e+08,1800.7
5.3301e+08,1809.5
5.3301e+08,1814.2
5.3361e+08,1782
5.3361e+08,1785.4
5.3413e+08,1783.1
5.3413e+08,1793.7
5.3482e+08,1775.4
5.3482e+08,1780.7
5.3542e+08,1777.8
5.3542e+08,1781.6
5.3789e+08,1761.8
5.3789e+08,1764
5.3845e+08,1801.9
5.3845e+08,1802
5.3896e+08,1785.3
5.3896e+08,1785.5
5.4069e+08,1805
5.4069e+08,1809.8
5.4148e+08,1790.3
5.4148e+08,1797.7
5.4148e+08,1801
5.4208e+08,1773.2
5.4208e+08,1773.8
5.426e+08 ,1820.3
5.426e+08 ,1822.1
5.4311e+08,1811.3
5.4311e+08,1816
5.4389e+08,1780
5.4389e+08,1782.8
5.4442e+08,1789.5
5.4442e+08,1793.1
5.4502e+08,1780.7
5.4502e+08,1790
5.4597e+08,1782.1
5.4597e+08,1785.6
5.4692e+08,1778.5
5.4692e+08,1778.9
5.4752e+08,1781.6
5.4752e+08,1781.8
5.4752e+08,1782.9
5.4752e+08,1786.6
5.4839e+08,1763.8
5.4839e+08,1769.2
5.4908e+08,1761.4
5.4908e+08,1766.4
5.5003e+08,1749.6
5.5003e+08,1757.5
5.5083e+08,1751.6
5.5083e+08,1757.6
5.5175e+08,1755.6
5.5175e+08,1756.1
5.5217e+08,1739.2
5.5217e+08,1739.6
5.5322e+08,1769.9
5.5322e+08,1771.5
5.5486e+08,1762.1
5.5538e+08,1756.6
5.5538e+08,1763.4
5.5581e+08,1774.7
5.5581e+08,1776.6
5.5788e+08,1772.3
5.5788e+08,1777.7
5.5908e+08,1782.7
5.5908e+08,1786.9
5.5978e+08,1795.2
5.5978e+08,1799.1
5.603e+08 ,1777.5
5.603e+08 ,1779.2
5.6177e+08,1777.6
5.6177e+08,1779.8
5.6265e+08,1779.9
5.6265e+08,1787.5
5.6343e+08,1775.3
5.6343e+08,1778
5.6402e+08,1790.3
5.6402e+08,1795.4
5.6445e+08,1788.4
5.6445e+08,1794.5
5.6514e+08,1796.3
5.6514e+08,1799.4
5.6583e+08,1794.9
5.6583e+08,1801.3
5.6705e+08,1799.1
5.6705e+08,1805.9
5.6705e+08,1811.2
5.6783e+08,1775.8
5.6783e+08,1782.1
5.6826e+08,1785.4
5.6826e+08,1785.8
5.6877e+08,1791.2
5.6877e+08,1794.5
5.6938e+08,1853.4
5.6938e+08,1854.4
5.6989e+08,1804.6
5.6989e+08,1812.9
5.7076e+08,1808.4
5.7076e+08,1811.5
5.7205e+08,1873.9
5.7205e+08,1876.6
5.7257e+08,1813.6
5.7257e+08,1818.5
5.7319e+08,1827.8
5.7319e+08,1828
5.736e+08 ,1798.1
5.736e+08 ,1802.8
5.7413e+08,1816.5
5.7413e+08,1821
5.7498e+08,1804
5.7498e+08,1806.9
5.7531e+08,1815.9
5.7531e+08,1817.7
5.7559e+08,1809.1
5.7559e+08,1812.9
5.7723e+08,1793.5
5.7723e+08,1799.6
5.7783e+08,1789.2
5.7783e+08,1798.5
5.7897e+08,1790.7
5.7897e+08,1793.7
5.7965e+08,1784.2
5.7965e+08,1786.2
5.8025e+08,1770.7
5.8025e+08,1773.2
5.8086e+08,1776.1
5.8086e+08,1784.6
5.8207e+08,1760.7
5.8207e+08,1767.6
5.8336e+08,1762
5.8336e+08,1762.9
5.8458e+08,1773.2
5.8458e+08,1775.7
5.8458e+08,1785.7
5.8466e+08,1749.1
5.8466e+08,1756.5
5.8518e+08,1752.2
5.8518e+08,1756.5
5.8579e+08,1763.5
5.8579e+08,1766.5
5.8579e+08,1767.9
5.8579e+08,1770.1
5.8579e+08,1769.6
5.8579e+08,1769.9
5.864e+08 ,1755.4
5.864e+08 ,1756.9
5.8742e+08,1762.7
5.8742e+08,1765.1
5.8821e+08,1759.9
5.8821e+08,1761
5.8873e+08,1763.1
5.8873e+08,1766.4
5.8951e+08,1783.7
5.8951e+08,1792.8
5.8951e+08,1785.7
5.8995e+08,1791.6
5.8995e+08,1792.4
5.9214e+08,1792
5.9214e+08,1792.9
5.9305e+08,1803.3
5.9305e+08,1805
5.9339e+08,1794.9
5.9339e+08,1796.8
5.9339e+08,1789.3
5.9339e+08,1796.1
5.9426e+08,1798.9
5.9426e+08,1800
5.9426e+08,1792
5.9426e+08,1794.9
5.9487e+08,1799.7
5.9487e+08,1800.6
5.9487e+08,1802.1
5.9487e+08,1807.7
5.9603e+08,1797.2
5.9603e+08,1800.4
5.9669e+08,1816.6
5.9669e+08,1817.9
5.9669e+08,1818.3
5.9669e+08,1819.1
5.9711e+08,1816.4
5.9711e+08,1823.9
5.9711e+08,1818.7
5.9711e+08,1826.9
5.978e+08 ,1822.9
5.978e+08 ,1826.9
5.9832e+08,1808.8
5.9832e+08,1812.4
5.9832e+08,1806.1
5.9832e+08,1814.5
5.9936e+08,1848.8
5.9936e+08,1849.8
5.9936e+08,1845.1
6.0023e+08,1816.8
6.0023e+08,1818.8
6.0023e+08,1818.2
6.0186e+08,1835.4
6.0186e+08,1836.9
6.0187e+08,1819.7
6.0187e+08,1839.7
6.0187e+08,1839.9
6.0282e+08,1806.1
6.0282e+08,1806.9
6.0506e+08,1829.4
6.0506e+08,1830.9
6.0541e+08,1847.4
6.0541e+08,1851.9
6.0679e+08,1819.4
6.0679e+08,1828
6.0842e+08,1815.1
6.0842e+08,1818.9
6.0842e+08,1816.4
6.0842e+08,1819.2
6.092e+08 ,1787.8
6.092e+08 ,1789.7
6.105e+08 ,1778.6
6.105e+08 ,1796.4
6.105e+08 ,1801.7
6.105e+08 ,1791.2
6.105e+08 ,1793.1
6.1162e+08,1789.2
6.1162e+08,1789.7
6.1162e+08,1792.2
6.1162e+08,1795.2
6.124e+08 ,1778.3
6.124e+08 ,1779.7
6.1335e+08,1791.9
6.1335e+08,1791.9
6.1335e+08,1793
6.1335e+08,1793.7
6.143e+08 ,1779.1
6.143e+08 ,1780.3
6.143e+08 ,1777.3
6.143e+08 ,1779.3
6.1656e+08,1766.1
6.1656e+08,1774.8
6.1656e+08,1770.1
6.1656e+08,1771.1
6.1784e+08,1816.7
6.1784e+08,1820.7
6.1784e+08,1815.8
6.1784e+08,1820.4
6.1819e+08,1849.3
6.1819e+08,1852.8
6.1819e+08,1851
6.1819e+08,1851.8
6.1947e+08,1862.9
6.1947e+08,1868.7
6.1947e+08,1857.3
6.1947e+08,1860.4
6.2069e+08,1790.2
6.2069e+08,1790.5
6.2069e+08,1793.5
6.2069e+08,1794.2
6.2207e+08,1783.7
6.2207e+08,1788.6
6.2207e+08,1778.7
6.2207e+08,1783.7
6.226e+08 ,1795.7
6.226e+08 ,1798.1
6.226e+08 ,1794.7
6.226e+08 ,1795.8
6.2361e+08,1813.9
6.2361e+08,1819.3
6.2361e+08,1818.1
6.2361e+08,1818.6
6.2432e+08,1812.6
6.2432e+08,1812.8
6.2433e+08,1818.5
6.2433e+08,1820.1
6.2491e+08,1798.4
6.2491e+08,1801
6.2491e+08,1796
6.2491e+08,1797
6.258e+08 ,1847.9
6.258e+08 ,1850.6
6.258e+08 ,1849.5
6.258e+08 ,1851.3
6.2615e+08,1804.9
6.2615e+08,1808.8
6.2615e+08,1807.3
6.2615e+08,1809.7
6.27e+08  ,1813.2
6.27e+08  ,1816.9
6.27e+08  ,1817
6.27e+08  ,1817.9
6.2744e+08,1826.6
6.2744e+08,1829.7
6.2744e+08,1821.4
6.2744e+08,1823.6
6.2794e+08,1813.2
6.2794e+08,1821.8
6.2917e+08,1831.3
6.2917e+08,1824.3
6.2917e+08,1825.2
6.2994e+08,1807.5
6.2994e+08,1814
6.2994e+08,1806.2
6.2994e+08,1808.9
6.3036e+08,1811.3
6.3036e+08,1822
6.3036e+08,1825.7
6.3036e+08,1816.6
6.3036e+08,1822.1
6.3159e+08,1833.7
6.3159e+08,1837.2
6.3219e+08,1824.1
6.3219e+08,1827.4
6.3219e+08,1828.9
6.3219e+08,1834.9
6.3366e+08,1815.4
6.3366e+08,1820.6
6.3366e+08,1815.2
6.3366e+08,1820
6.3425e+08,1852.1
6.3425e+08,1855.1
6.3425e+08,1852.8
6.3425e+08,1855.2
6.3643e+08,1837.1
6.3643e+08,1838.8
6.3643e+08,1838.5
6.3643e+08,1838.9
6.3694e+08,1848.1
6.3694e+08,1850.9
6.3695e+08,1858.7
6.3695e+08,1861.4
6.3865e+08,1830.3
6.3865e+08,1827.5
6.3865e+08,1828.6
6.4063e+08,1811.4
6.4063e+08,1815.8
6.4063e+08,1812.8
6.4063e+08,1816.1
6.4126e+08,1821.4
6.4126e+08,1823.5
6.4247e+08,1808.3
6.4247e+08,1809.1
6.4247e+08,1804.3
6.4247e+08,1805.1
6.4299e+08,1802.4
6.4299e+08,1811.4
6.4368e+08,1818.3
6.4368e+08,1820.5
6.4489e+08,1788.5
6.4489e+08,1792.7
6.4489e+08,1787.1
6.4489e+08,1789.7
6.4549e+08,1788.6
6.4549e+08,1790.6
6.4651e+08,1780.5
6.4651e+08,1786.8
6.4651e+08,1791
6.4731e+08,1799.3
6.4731e+08,1803.6
6.4912e+08,1776
6.4912e+08,1778.4
6.4973e+08,1778.6
6.4973e+08,1784.4
6.5016e+08,1781
6.5016e+08,1782.5
6.5076e+08,1785.7
6.5076e+08,1788.1
6.5335e+08,1830.1
6.5335e+08,1836
6.5378e+08,1788.6
6.5378e+08,1793.1
6.5456e+08,1797.4
6.5456e+08,1799
6.5517e+08,1795.8
6.5517e+08,1800.4
6.5576e+08,1807.4
6.5576e+08,1812.7
6.5638e+08,1817.6
6.5638e+08,1819.2
6.5671e+08,1813.7
6.5671e+08,1819
6.5697e+08,1824.2
6.5697e+08,1834.1
6.5697e+08,1834.9
6.582e+08 ,1848.6
6.582e+08 ,1851.5
6.588e+08 ,1822
6.588e+08 ,1824
6.588e+08 ,1826.7
6.588e+08 ,1828
6.588e+08 ,1822.8
6.588e+08 ,1825.5
6.588e+08 ,1822.1
6.588e+08 ,1825.8
6.5923e+08,1829.4
6.5923e+08,1830.9
6.5923e+08,1827.4
6.5923e+08,1829.4
6.5924e+08,1826.9
6.5924e+08,1829.8
6.5924e+08,1828.8
6.5924e+08,1837.2
6.6061e+08,1838.5
6.6061e+08,1839.1
6.6113e+08,1832.5
6.6113e+08,1833.1
6.6113e+08,1828.5
6.6113e+08,1830
6.6113e+08,1827.6
6.6113e+08,1828.5
6.6183e+08,1880.3
6.6183e+08,1880.4
6.6183e+08,1878.5
6.6183e+08,1880.1
6.6183e+08,1871.5
6.6183e+08,1874.3
6.6243e+08,1853.8
6.6243e+08,1855.1
6.6243e+08,1856.9
6.6243e+08,1858.9
6.6243e+08,1853.5
6.6243e+08,1855.5
6.6304e+08,1836.8
6.6304e+08,1837.3
6.6304e+08,1837.1
6.6304e+08,1837.2
6.6304e+08,1833.8
6.6304e+08,1834.3
6.6364e+08,1867.5
6.6364e+08,1869.5
6.6364e+08,1868
6.6364e+08,1869.1
6.6364e+08,1867
6.6364e+08,1867.5
6.6425e+08,1863.8
6.6425e+08,1864.6
6.6425e+08,1856.9
6.6425e+08,1862.4
6.6425e+08,1857.9
6.6425e+08,1859.4
6.6467e+08,1821.6
6.6467e+08,1827.7
6.6467e+08,1819.4
6.6467e+08,1820.6
6.663e+08 ,1847.3
6.663e+08 ,1847.6
6.6666e+08,1829.4
6.6666e+08,1834.3
6.6666e+08,1829.5
6.6666e+08,1835.4
6.6666e+08,1836.1
6.6727e+08,1831.6
6.6727e+08,1838.1
6.6727e+08,1826.4
6.6727e+08,1834.7
6.6727e+08,1826.8
6.6727e+08,1830.1
6.6778e+08,1829.1
6.6778e+08,1830.4
6.6778e+08,1825.8
6.6778e+08,1828.6
6.6778e+08,1818.4
6.6778e+08,1823.3
6.6846e+08,1873.4
6.6846e+08,1876.3
6.6846e+08,1872.7
6.6846e+08,1876.2
6.6846e+08,1862.6
6.6846e+08,1867.4
6.6908e+08,1846.6
6.6908e+08,1851.7
6.6908e+08,1846.8
6.6908e+08,1847.5
6.6908e+08,1849.9
6.6908e+08,1852.9
6.6969e+08,1847.3
6.6969e+08,1855.5
6.6969e+08,1846.3
6.6969e+08,1849.6
6.7027e+08,1840.1
6.7027e+08,1840.5
6.7027e+08,1842.9
6.7027e+08,1843.2
6.7027e+08,1823.2
6.7027e+08,1824.3
6.709e+08 ,1837.6
6.709e+08 ,1838.3
6.709e+08 ,1841
6.709e+08 ,1842.3
6.709e+08 ,1833.4
6.709e+08 ,1834.9
6.7151e+08,1833.6
6.7151e+08,1837.1
6.7151e+08,1833.5
6.7151e+08,1835.5
6.7151e+08,1828.4
6.7151e+08,1831.4
6.7211e+08,1819.9
6.7211e+08,1823.2
6.7211e+08,1820.9
6.7211e+08,1822.5
6.7211e+08,1822.7
6.7211e+08,1823.3
6.7269e+08,1815
6.7269e+08,1816.8
6.7269e+08,1816.5
6.7269e+08,1816.6
6.7269e+08,1810.3
6.7269e+08,1811.7
6.733e+08 ,1814.1
6.733e+08 ,1815.8
6.733e+08 ,1810.8
6.733e+08 ,1815.4
6.7392e+08,1806.1
6.7392e+08,1807.3
6.7392e+08,1805.9
6.7392e+08,1809.1
6.7392e+08,1804.7
6.7392e+08,1807.4
6.7451e+08,1802.6
6.7451e+08,1803.2
6.7451e+08,1807.9
6.7451e+08,1809.7
6.7451e+08,1800.9
6.7451e+08,1802.2
6.7513e+08,1811.3
6.7513e+08,1815.4
6.7513e+08,1813.4
6.7513e+08,1815.7
6.7513e+08,1808.6
6.7513e+08,1810.9
6.7571e+08,1803.5
6.7571e+08,1803.6
6.7571e+08,1807.1
6.7571e+08,1800.7
6.7571e+08,1801.3
6.7572e+08,1800.7
6.7572e+08,1802.9
6.7632e+08,1798.4
6.7632e+08,1798.9
6.7632e+08,1795
6.7632e+08,1800
6.7632e+08,1795.6
6.7632e+08,1799.8
6.7684e+08,1794.4
6.7684e+08,1796.5
6.7684e+08,1792
6.7684e+08,1795.6
6.7684e+08,1793.4
6.7684e+08,1795.4
6.7755e+08,1797.6
6.7755e+08,1797.7
6.7755e+08,1797.9
6.7755e+08,1798.2
6.7755e+08,1793.2
6.7755e+08,1794.8
6.7874e+08,1783.5
6.7874e+08,1783.7
6.7874e+08,1783.4
6.7874e+08,1783.5
6.7874e+08,1782.2
6.7874e+08,1783.6
6.7945e+08,1820.9
6.7945e+08,1822.8
6.7945e+08,1815.5
6.7945e+08,1819.8
6.7997e+08,1839.7
6.7997e+08,1839.7
6.7997e+08,1840
6.7997e+08,1840.5
6.7997e+08,1834.2
6.7997e+08,1834.3
6.8065e+08,1806
6.8065e+08,1807.1
6.8065e+08,1808.5
6.8065e+08,1808.6
6.8065e+08,1803.9
6.8065e+08,1805.6
6.8118e+08,1784.7
6.8118e+08,1785.3
6.8118e+08,1784.3
6.8118e+08,1785.2
6.8118e+08,1781.8
6.8118e+08,1782.7
6.8178e+08,1790.9
6.8178e+08,1791.4
6.8178e+08,1793.2
6.8178e+08,1794
6.8178e+08,1794.2
6.8178e+08,1795.2
6.8237e+08,1828.7
6.8237e+08,1831.3
6.8237e+08,1822.6
6.8237e+08,1827
6.8308e+08,1797.9
6.8308e+08,1798.3
6.8308e+08,1796.5
6.8308e+08,1797.7
6.8308e+08,1797.5
6.8308e+08,1799.2
6.8421e+08,1803.6
6.8421e+08,1804.7
6.8421e+08,1807.5
6.8421e+08,1807.8
6.8421e+08,1803.6
6.8421e+08,1804.1
6.8481e+08,1803.5
6.8481e+08,1805.8
6.8481e+08,1802.7
6.8481e+08,1804.2
6.8481e+08,1803.6
6.8481e+08,1805.4
6.8541e+08,1822.1
6.8541e+08,1823.1
6.8541e+08,1822.7
6.8541e+08,1824.1
6.8541e+08,1820.4
6.8541e+08,1823.5
6.8602e+08,1815.9
6.8602e+08,1816.4
6.8602e+08,1814.4
6.8602e+08,1814.7
6.8688e+08,1827.8
6.8688e+08,1825.2
6.8688e+08,1828.3
6.8688e+08,1825.5
6.8731e+08,1837.1
6.8731e+08,1835.6
6.8731e+08,1829.3
6.8731e+08,1832.1
6.8783e+08,1827.1
6.8783e+08,1825.3
6.8783e+08,1822.3
6.8783e+08,1823.5
6.8904e+08,1828.8
6.8904e+08,1827.2
6.8904e+08,1825.6
6.8964e+08,1849.7
6.8964e+08,1850.5
6.8964e+08,1847.7
6.8964e+08,1847.3
6.9025e+08,1845.7
6.9025e+08,1841.2
6.9146e+08,1838.6
6.9146e+08,1837.4
6.9146e+08,1834.7
6.9146e+08,1834.7
6.9198e+08,1849.1
6.9198e+08,1851.9
6.9206e+08,1837.5
6.9206e+08,1843.1
6.9267e+08,1837.1
6.9267e+08,1837
6.9267e+08,1834.7
6.9267e+08,1835.7
6.9327e+08,1847.4
6.9327e+08,1846.8
6.9327e+08,1843.9
6.9327e+08,1841.4
6.9353e+08,1857.6
6.9353e+08,1856.4
6.9354e+08,1849.8
6.9354e+08,1855
6.9448e+08,1868.1
6.9448e+08,1869.5
6.9448e+08,1869.6
6.9448e+08,1870.1
6.95e+08  ,1841.7
6.95e+08  ,1844.8
6.963e+08 ,1855.5
6.963e+08 ,1852.1
6.963e+08 ,1850.1
6.963e+08 ,1848
6.9682e+08,1879.6
6.9682e+08,1876.6
6.9751e+08,1859
6.9751e+08,1862.6
6.9751e+08,1864.5
6.9751e+08,1862
6.9811e+08,1841.1
6.9811e+08,1841.8
6.9811e+08,1836.2
6.9811e+08,1838.2
6.9863e+08,1879
6.9863e+08,1880.2
6.9863e+08,1879.5
6.9863e+08,1881.3
6.9915e+08,1828.6
6.9915e+08,1829.9
6.9915e+08,1825.2
6.9915e+08,1824.6
6.9991e+08,1847.3
6.9991e+08,1846.1
6.9991e+08,1846.7
6.9991e+08,1846.9
7.0053e+08,1835.3
7.0053e+08,1835.1
7.0053e+08,1831.9
7.0053e+08,1835.6
7.0113e+08,1835.1
7.0113e+08,1834.5
7.0113e+08,1833.1
7.0113e+08,1831.9
7.0235e+08,1840.4
7.0235e+08,1843.7
7.0235e+08,1838
7.0235e+08,1839.6
7.0286e+08,1835.4
7.0286e+08,1833.8
7.0286e+08,1833.8
7.0286e+08,1836.4
7.0355e+08,1825.9
7.0355e+08,1826.1
7.0355e+08,1831.7
7.0355e+08,1829.6
7.0442e+08,1832.1
7.0442e+08,1836.2
7.0442e+08,1834.1
7.0442e+08,1834.1
7.0537e+08,1829
7.0537e+08,1822.2
7.0537e+08,1824.3
7.0537e+08,1828.4
7.0597e+08,1819.4
7.0597e+08,1829.3
7.0597e+08,1830.9
7.0597e+08,1829.3
7.0649e+08,1797.6
7.0649e+08,1797.4
7.0649e+08,1796.2
7.0649e+08,1797.1
7.0699e+08,1824.8
7.0699e+08,1827.5
7.0699e+08,1823.9
7.0699e+08,1824.4
7.0779e+08,1814.8
7.0779e+08,1816.4
7.0779e+08,1813.5
7.0779e+08,1814.8
7.0839e+08,1807.2
7.0839e+08,1807.4
7.084e+08 ,1810
7.0891e+08,1819.2
7.0891e+08,1816.8
7.0891e+08,1813.4
7.0891e+08,1815.1
7.0951e+08,1816
7.0951e+08,1813.1
7.0952e+08,1814.3
7.0952e+08,1814
7.1012e+08,1801.6
7.1012e+08,1802.6
7.1012e+08,1799
7.1012e+08,1798.4
7.108e+08 ,1853.8
7.108e+08 ,1854.7
7.108e+08 ,1850.6
7.108e+08 ,1852.5
7.1132e+08,1794.2
7.1132e+08,1793.3
7.1132e+08,1789.4
7.1132e+08,1792.7
7.1202e+08,1795.5
7.1202e+08,1797.5
7.1202e+08,1796.6
7.1202e+08,1795.4
7.1262e+08,1803.5
7.1262e+08,1803.5
7.1263e+08,1805.9
7.1263e+08,1802.3
7.1314e+08,1808.3
7.1314e+08,1806.5
7.1384e+08,1800.5
7.1384e+08,1804.2
7.1384e+08,1803.7
7.1384e+08,1802.7
7.1445e+08,1824.6
7.1445e+08,1830.6
7.1445e+08,1822
7.1445e+08,1823.8
7.1496e+08,1819.3
7.1496e+08,1813.2
7.1496e+08,1817.9
7.1556e+08,1810.7
7.1556e+08,1809
7.1556e+08,1805.7
7.1556e+08,1807.8
7.1625e+08,1802.9
7.1625e+08,1804
7.1625e+08,1802.7
7.1625e+08,1801.4
7.1682e+08,1801.7
7.1685e+08,1803.2
7.1685e+08,1805.2
7.1747e+08,1822
7.1747e+08,1822.8
7.1747e+08,1813.6
7.1747e+08,1816.9
7.1807e+08,1820.9
7.1807e+08,1819.4
7.1807e+08,1815.3
7.1807e+08,1818.8
7.1928e+08,1832.7
7.1928e+08,1833.8
7.1928e+08,1831.1
7.1928e+08,1829.4
7.1988e+08,1830.3
7.1988e+08,1827.5
7.1988e+08,1820.5
7.1988e+08,1826.6
7.2049e+08,1836.9
7.2049e+08,1837.3
7.2049e+08,1833.3
7.2049e+08,1822.9
7.211e+08 ,1832.2
7.211e+08 ,1827.9
7.211e+08 ,1827.4
7.211e+08 ,1831.1
7.217e+08 ,1850.7
7.217e+08 ,1849.4
7.217e+08 ,1845.5
7.217e+08 ,1848
7.2238e+08,1834.2
7.2238e+08,1837.3
7.2238e+08,1833.2
7.2238e+08,1834.6
7.2289e+08,1832
7.2289e+08,1834.3
7.2289e+08,1834
7.2289e+08,1835.2
7.2334e+08,1837
7.2334e+08,1840
7.2334e+08,1839.7
7.2334e+08,1837.1
7.2403e+08,1838.9
7.2403e+08,1835
7.2403e+08,1837.2
7.2403e+08,1835.8
7.2462e+08,1843.8
7.2462e+08,1845.7
7.2462e+08,1843.7
7.2462e+08,1841.4
7.2584e+08,1840.2
7.2584e+08,1840.2
7.2584e+08,1828.3
7.2584e+08,1829.9
7.2645e+08,1832.6
7.2645e+08,1834.9
7.2645e+08,1828.4
7.2645e+08,1831.7
7.2792e+08,1848.6
7.2792e+08,1847.2
7.2792e+08,1845.3
7.2792e+08,1847
7.2825e+08,1863.9
7.2825e+08,1865.3
7.2895e+08,1841.8
7.2895e+08,1839.6
7.2895e+08,1840.5
7.2895e+08,1841.4
7.2956e+08,1841.6
7.2956e+08,1840.6
7.2956e+08,1837.4
7.2956e+08,1837.5
7.3008e+08,1836.8
7.3008e+08,1837.6
7.3008e+08,1836.7
7.3008e+08,1836.7
7.3146e+08,1847.7
7.3146e+08,1846.5
7.3146e+08,1846.5
7.3146e+08,1847.1
7.318e+08 ,1839.9
7.318e+08 ,1838.6
7.318e+08 ,1842.2
7.318e+08 ,1838.9
7.3241e+08,1869.9
7.3241e+08,1868.4
7.3259e+08,1865
7.3259e+08,1865.2
7.3259e+08,1864
7.3259e+08,1866.5
7.3319e+08,1866.8
7.3319e+08,1865.2
7.3319e+08,1861.5
7.3319e+08,1862
7.3354e+08,1849.2
7.3354e+08,1849.4
7.3354e+08,1843.6
7.3354e+08,1845.4
7.3422e+08,1831.5
7.3422e+08,1831.7
7.3422e+08,1828.7
7.3422e+08,1829
7.3475e+08,1829.2
7.3475e+08,1830.2
7.3475e+08,1822.5
7.3475e+08,1827.3
7.3535e+08,1833.7
7.3535e+08,1830.3
7.3604e+08,1828.3
7.3604e+08,1835.5
7.3604e+08,1828.8
7.3604e+08,1827.5
7.3672e+08,1841.3
7.3672e+08,1841.8
7.3672e+08,1833.2
7.3672e+08,1843.8
7.3741e+08,1834.6
7.3741e+08,1836.8
7.3741e+08,1830.6
7.3741e+08,1828.4
7.3775e+08,1810.5
7.3775e+08,1810.4
7.3775e+08,1811.2
7.3775e+08,1809.1
7.3837e+08,1814.7
7.3837e+08,1812.7
7.3837e+08,1809.1
7.3837e+08,1809.8
7.3924e+08,1802.2
7.3924e+08,1798.9
7.3924e+08,1799.7
7.3924e+08,1799.4
7.3983e+08,1809.8
7.3983e+08,1808.4
7.3983e+08,1811.2
7.3983e+08,1808.6
7.4043e+08,1792.6
7.4044e+08,1794.1
7.4044e+08,1792.6
7.4105e+08,1804.2
7.4105e+08,1804.5
7.4105e+08,1804.1
7.4165e+08,1805
7.4165e+08,1803.6
7.4166e+08,1803.2
7.4226e+08,1809.3
7.4226e+08,1803.9
7.4226e+08,1811.8
7.4226e+08,1807.7
7.4287e+08,1799
7.4287e+08,1800.8
7.4287e+08,1796.5
7.4287e+08,1796.4
7.4345e+08,1825.8
7.4345e+08,1823
7.4345e+08,1827.5
7.4345e+08,1821.4
7.4391e+08,1814
7.4391e+08,1814.1
7.4391e+08,1805.9
7.4391e+08,1805.3
7.4468e+08,1800
7.4468e+08,1797.3
7.4468e+08,1796.3
7.4468e+08,1795.9
7.4526e+08,1800.7
7.4526e+08,1803.5
7.4526e+08,1800.8
7.4526e+08,1800.5
7.4569e+08,1818.5
7.4569e+08,1817.8
7.4569e+08,1818.8
7.4569e+08,1817.9
7.4658e+08,1821
7.4658e+08,1819.5
7.4658e+08,1823.1
7.4658e+08,1815.5
7.4892e+08,1816.3
7.4892e+08,1819.7
7.4892e+08,1817
7.4892e+08,1813.9
7.4953e+08,1833.3
7.4953e+08,1830
7.4953e+08,1829.8
7.4953e+08,1830.6
7.5012e+08,1851
7.5012e+08,1846.1
7.5012e+08,1844.6
7.5012e+08,1848.8
7.5012e+08,1844.3
7.5012e+08,1844.8
7.5054e+08,1822.9
7.5054e+08,1829.7
7.5054e+08,1821
7.5054e+08,1826.5
7.5054e+08,1824.2
7.5054e+08,1820.2
7.5132e+08,1821.8
7.5132e+08,1822.3
7.5132e+08,1822.5
7.5132e+08,1825.9
7.5132e+08,1822.2
7.5132e+08,1819.6
7.5183e+08,1843.5
7.5183e+08,1845.5
7.5183e+08,1847
7.5183e+08,1849
7.5183e+08,1840.7
7.5253e+08,1854.3
7.5253e+08,1854.6
7.5253e+08,1858.9
7.5253e+08,1858.1
7.5253e+08,1839.6
7.5253e+08,1843.6
7.5287e+08,1829.8
7.5287e+08,1832.2
7.5287e+08,1830.7
7.5287e+08,1824.7
7.5287e+08,1827.3
7.5287e+08,1826.8
7.5436e+08,1842.2
7.5436e+08,1838.6
7.5436e+08,1842.8
7.5436e+08,1843.9
7.5436e+08,1833.8
7.5436e+08,1837.8
7.5487e+08,1856.6
7.5487e+08,1859
7.5487e+08,1854.5
7.5487e+08,1859.1
7.5487e+08,1853.9
7.5487e+08,1862.5
7.5557e+08,1827.8
7.5557e+08,1827.7
7.5557e+08,1823.5
7.5557e+08,1826.7
7.5557e+08,1822.7
7.5557e+08,1825.8
7.5599e+08,1871.6
7.5599e+08,1873.8
7.5599e+08,1869.7
7.5599e+08,1867.3
7.5599e+08,1874
7.5599e+08,1869.6
7.5695e+08,1846.4
7.5695e+08,1848.4
7.5695e+08,1842.5
7.5695e+08,1844.6
7.5695e+08,1847.6
7.5695e+08,1846.4
7.5738e+08,1874.6
7.5738e+08,1873.5
7.5738e+08,1873.8
7.5738e+08,1870.8
7.5738e+08,1870.9
7.5738e+08,1871.9
7.5771e+08,1855.3
7.5771e+08,1856.1
7.5771e+08,1857.5
7.5771e+08,1853.7
7.5771e+08,1857.2
7.5771e+08,1855.5
7.5833e+08,1832.8
7.5833e+08,1834.7
7.5833e+08,1829.7
7.5833e+08,1825.6
7.592e+08 ,1849.6
7.592e+08 ,1845.8
7.592e+08 ,1847.1
7.592e+08 ,1846.6
7.592e+08 ,1844.7
7.592e+08 ,1839
7.5954e+08,1849.3
7.5954e+08,1854.1
7.5954e+08,1856.9
7.5954e+08,1852
7.5959e+08,1854.7
7.5959e+08,1846.2
7.604e+08 ,1843.5
7.604e+08 ,1843.8
7.604e+08 ,1844.9
7.604e+08 ,1845.5
7.604e+08 ,1836.6
7.604e+08 ,1832.8
7.6101e+08,1848.4
7.6101e+08,1850.5
7.6101e+08,1845.1
7.6101e+08,1844.5
7.6101e+08,1841.6
7.6101e+08,1841.3
7.6152e+08,1861.7
7.6152e+08,1863.1
7.6221e+08,1895.4
7.6221e+08,1898.3
7.6221e+08,1896.4
7.6221e+08,1897.8
7.6221e+08,1895.5
7.6221e+08,1892.8
7.6265e+08,1882.6
7.6265e+08,1881.8
7.6265e+08,1875
7.6265e+08,1876.6
7.6265e+08,1876.4
7.6343e+08,1866
7.6343e+08,1865.7
7.6343e+08,1865.9
7.6343e+08,1870.1
7.6343e+08,1864.2
7.6343e+08,1868.9
7.6422e+08,1864.3
7.6422e+08,1864.6
7.6422e+08,1865.5
7.6422e+08,1864.9
7.6422e+08,1861.3
7.6422e+08,1863.1
7.6454e+08,1858.8
7.6454e+08,1859.7
7.6454e+08,1856.7
7.6454e+08,1857.2
7.6454e+08,1855.1
7.6454e+08,1853.6
7.6523e+08,1852
7.6523e+08,1855.3
7.6523e+08,1852.2
7.6523e+08,1855.3
7.6583e+08,1847.9
7.6583e+08,1847.9
7.6583e+08,1848.4
7.6583e+08,1847.9
7.6583e+08,1844.5
7.6583e+08,1847.9
7.6645e+08,1846.7
7.6645e+08,1849.3
7.6645e+08,1847.5
7.6645e+08,1850.6
7.6645e+08,1843
7.6645e+08,1843.3
7.6706e+08,1838.9
7.6706e+08,1838.1
7.6706e+08,1839.6
7.6706e+08,1837.6
7.6706e+08,1833.5
7.6706e+08,1833.9
7.6827e+08,1825.1
7.6827e+08,1830
7.6827e+08,1826.2
7.6827e+08,1827.6
7.6827e+08,1822.1
7.6827e+08,1823.3
7.6883e+08,1827.8
7.6883e+08,1827.3
7.6887e+08,1829
7.6887e+08,1830.2
7.6956e+08,1829.8
7.6956e+08,1829.9
7.6956e+08,1827.1
7.6998e+08,1817.1
7.6998e+08,1816.8
7.6998e+08,1814.3
7.6998e+08,1811.5
7.7127e+08,1823.1
7.7127e+08,1823.3
7.7127e+08,1826.8
7.7127e+08,1825.7
7.7128e+08,1822
7.7128e+08,1821.2
7.7172e+08,1820.3
7.7172e+08,1819.7
7.7172e+08,1819.9
7.7172e+08,1821.2
7.7172e+08,1818.5
7.7172e+08,1820.1
7.7258e+08,1812.6
7.7258e+08,1812.8
7.7258e+08,1812.5
7.7258e+08,1811.1
7.7258e+08,1810.3
7.7258e+08,1811.5
7.731e+08 ,1808.4
7.731e+08 ,1814.6
7.731e+08 ,1809.1
7.731e+08 ,1807.7
7.731e+08 ,1805.2
7.731e+08 ,1807.9
7.7352e+08,1816.2
7.7352e+08,1816
7.7352e+08,1818.1
7.7352e+08,1817.6
7.7352e+08,1815.4
7.744e+08 ,1820
7.744e+08 ,1821.4
7.744e+08 ,1820.2
7.744e+08 ,1820
7.744e+08 ,1818.9
7.744e+08 ,1817.8
7.75e+08  ,1830.5
7.75e+08  ,1829.6
7.75e+08  ,1831.4
7.75e+08  ,1833.3
7.75e+08  ,1833.8
7.7543e+08,1823.7
7.7543e+08,1826.1
7.7543e+08,1828.2
7.7543e+08,1825.1
7.7543e+08,1826.3
7.7543e+08,1824.5
7.7602e+08,1854.9
7.7602e+08,1849.8
7.7602e+08,1847.9
7.7602e+08,1848.7
7.7602e+08,1835.3
7.7602e+08,1837.4
7.7682e+08,1884.9
7.7682e+08,1885.4
7.7682e+08,1884.3
7.7682e+08,1882.1
7.7733e+08,1838.2
7.7733e+08,1836.5
7.7733e+08,1837.8
7.7733e+08,1837.9
7.7793e+08,1808.6
7.7793e+08,1806.7
7.7793e+08,1811
7.7793e+08,1810.3
7.7793e+08,1808
7.7916e+08,1834.7
7.7916e+08,1833.8
7.7916e+08,1836.4
7.7916e+08,1834.6
7.7916e+08,1839.4
7.7916e+08,1838.9
7.7966e+08,1823.7
7.7966e+08,1824.6
7.7966e+08,1823.2
7.7966e+08,1820.9
7.7966e+08,1823.6
7.7966e+08,1821.9
7.8044e+08,1834.7
7.8044e+08,1828.2
7.8044e+08,1827.7
7.8044e+08,1827.5
7.8044e+08,1829.4
7.8103e+08,1840.7
7.8103e+08,1839.2
7.8103e+08,1840.6
7.8158e+08,1904.1
7.8158e+08,1905.8
7.8158e+08,1902.3
7.8158e+08,1900.2
7.8158e+08,1903.7
7.8158e+08,1902.3
7.8226e+08,1889.7
7.8226e+08,1885.2
7.8277e+08,1838.9
7.8277e+08,1840.9
7.8277e+08,1838.9
7.8277e+08,1840.6
7.8346e+08,1834.5
7.8346e+08,1840.1
7.8346e+08,1844.4
7.8346e+08,1838.3
7.8347e+08,1841.5
7.8347e+08,1839
7.8399e+08,1835.7
7.8399e+08,1835.9
7.8399e+08,1838.7
7.8399e+08,1837.9
7.8399e+08,1835
7.8399e+08,1835.2
7.8451e+08,1843
7.8451e+08,1840.3
7.8451e+08,1839.7
7.8451e+08,1842.3
7.8451e+08,1840.1
7.8451e+08,1836.4
7.8525e+08,1836.6
7.8525e+08,1841.8
7.8528e+08,1830.5
7.8528e+08,1827.7
7.8528e+08,1826.8
7.8528e+08,1827.8
7.8579e+08,1884.8
7.8579e+08,1881.2
7.8579e+08,1879
7.858e+08 ,1872.2
7.858e+08 ,1871
7.8642e+08,1891.1
7.8642e+08,1890.7
7.8642e+08,1903.2
7.8642e+08,1901.3
7.8642e+08,1892.6
7.8642e+08,1894.8
7.8702e+08,1866
7.8702e+08,1868.5
7.8702e+08,1867.6
7.8702e+08,1861.8
7.8702e+08,1863.7
7.8702e+08,1860.9
7.8763e+08,1862.9
7.8763e+08,1861.7
7.8763e+08,1861.4
7.8763e+08,1863
7.8823e+08,1880
7.8823e+08,1879.2
7.8823e+08,1880.5
7.8823e+08,1877
7.8823e+08,1875.9
7.8823e+08,1883.8
7.8875e+08,1848.6
7.8875e+08,1846.3
7.8875e+08,1848.9
7.8875e+08,1850.5
7.8875e+08,1852.8
7.8875e+08,1846.6
7.8934e+08,1843.8
7.8934e+08,1843.7
7.8934e+08,1843
7.8934e+08,1844.7
7.8934e+08,1839.6
7.8934e+08,1838.8
7.8977e+08,1844.9
7.8977e+08,1839.7
7.8977e+08,1836.9
7.8977e+08,1835.8
7.9072e+08,1889
7.9072e+08,1890.2
7.9133e+08,1897.1
7.9133e+08,1895.7
7.9133e+08,1893.9
7.9133e+08,1895
7.9133e+08,1878.5
7.9133e+08,1877.7
7.9176e+08,1882.3
7.9176e+08,1878.9
7.9176e+08,1881.7
7.9176e+08,1881.1
7.9176e+08,1885.5
7.9176e+08,1883
7.9264e+08,1870
7.9264e+08,1867.7
7.9264e+08,1867.9
7.9264e+08,1869.8
7.9268e+08,1873.9
7.9268e+08,1871.4
7.9305e+08,1873.9
7.9305e+08,1871.2
7.9305e+08,1869.2
7.9305e+08,1871.9
7.9305e+08,1870.6
7.9305e+08,1867.4
7.9367e+08,1895.3
7.9367e+08,1898.6
7.9367e+08,1896.7
7.9367e+08,1898.1
7.9367e+08,1893.5
7.9367e+08,1897.5
7.94e+08  ,1875.9
7.94e+08  ,1876.9
7.94e+08  ,1875.3
7.94e+08  ,1872.9
7.94e+08  ,1874.2
7.94e+08  ,1872.6
7.9495e+08,1869
7.9495e+08,1870
7.9495e+08,1866.8
7.9495e+08,1871.1
7.9495e+08,1863.6
7.9495e+08,1866.5
7.9547e+08,1858.7
7.9547e+08,1856.5
7.9547e+08,1858.3
7.9547e+08,1855.2
7.9547e+08,1853.5
7.961e+08 ,1859.9
7.961e+08 ,1861.1
7.961e+08 ,1858.4
7.961e+08 ,1858.8
7.961e+08 ,1852
7.961e+08 ,1851.1
7.9651e+08,1851.5
7.9651e+08,1853.1
7.9652e+08,1851.4
7.9652e+08,1846.4
7.973e+08 ,1862.4
7.9731e+08,1849.5
7.9731e+08,1856.4
7.979e+08 ,1854.3
7.979e+08 ,1856.4
7.979e+08 ,1858.5
7.979e+08 ,1856.5
7.979e+08 ,1863.3
7.979e+08 ,1860.8
7.9842e+08,1850.9
7.9842e+08,1851.8
7.9842e+08,1849.4
7.9842e+08,1847.8
7.991e+08 ,1835.6
7.991e+08 ,1832.6
7.991e+08 ,1831.9
7.991e+08 ,1830.8
7.9954e+08,1832
7.9954e+08,1830.2
7.9954e+08,1829
7.9954e+08,1829.4
7.9998e+08,1827.7
7.9998e+08,1831.3
7.9998e+08,1828.5
7.9998e+08,1831.3
8.0075e+08,1829.7
8.0075e+08,1828.2
8.0075e+08,1831.9
8.0075e+08,1831.3
8.0075e+08,1827.2
8.0075e+08,1828.5
8.0127e+08,1830.7
8.0127e+08,1828.4
8.0127e+08,1827.7
8.0127e+08,1829.9
8.0128e+08,1831.7
8.0128e+08,1824.1
8.0196e+08,1819.7
8.0196e+08,1819.9
8.0196e+08,1820.2
8.0196e+08,1821.5
8.0196e+08,1814.3
8.0196e+08,1817.8
8.0272e+08,1827.7
8.0272e+08,1821.1
8.0273e+08,1820.4
8.0273e+08,1818
8.0334e+08,1811.6
8.0334e+08,1815.8
8.0334e+08,1828.2
8.0334e+08,1833.6
8.0334e+08,1829.1
8.0334e+08,1830.9
8.0395e+08,1809.5
8.0395e+08,1807.7
8.0438e+08,1811.9
8.0438e+08,1807.6
8.0438e+08,1815.1
8.0438e+08,1811.6
8.0438e+08,1809.5
8.0438e+08,1809.1
8.0516e+08,1837.8
8.0516e+08,1834.4
8.0516e+08,1832.8
8.0516e+08,1833.4
8.0516e+08,1826.2
8.0516e+08,1821.4
8.0577e+08,1809.9
8.0577e+08,1811.9
8.0577e+08,1807.4
8.0577e+08,1803.6
8.0637e+08,1806.7
8.0637e+08,1807.1
8.0637e+08,1805.6
8.0637e+08,1806.4
8.0637e+08,1803.4
8.0637e+08,1810.4
8.0697e+08,1815.7
8.0697e+08,1818.3
8.0697e+08,1818.8
8.0697e+08,1816
8.0698e+08,1815.5
8.0698e+08,1814.3
8.0758e+08,1811.7
8.0758e+08,1817.4
8.0758e+08,1818.3
8.0758e+08,1814.1
8.0758e+08,1807.9
8.0758e+08,1807.2
8.0826e+08,1827.5
8.0826e+08,1822.9
8.0886e+08,1820.2
8.0886e+08,1821.9
8.0886e+08,1820.6
8.0886e+08,1821.6
8.0887e+08,1819.2
8.0947e+08,1819.6
8.0947e+08,1822.3
8.0947e+08,1822.4
8.0947e+08,1819.5
8.0947e+08,1817.1
8.0947e+08,1821.9
8.1008e+08,1822.8
8.1008e+08,1823.7
8.1008e+08,1825
8.1008e+08,1826.6
8.105e+08 ,1831.1
8.105e+08 ,1830
8.105e+08 ,1827
8.105e+08 ,1829.1
8.105e+08 ,1834.4
8.105e+08 ,1830.9
8.1121e+08,1843.4
8.1121e+08,1848.2
8.1121e+08,1846.2
8.1121e+08,1847.1
8.1121e+08,1841.1
8.1121e+08,1845
8.1164e+08,1852.8
8.1164e+08,1850
8.1242e+08,1850.6
8.1242e+08,1852
8.1242e+08,1855.4
8.1242e+08,1855.1
8.1242e+08,1855.1
8.1242e+08,1853.6
8.1312e+08,1837.4
8.1312e+08,1840.9
8.1312e+08,1839.3
8.1312e+08,1839.6
8.1312e+08,1837.1
8.1312e+08,1836.4
8.1363e+08,1834.1
8.1363e+08,1831.2
8.1363e+08,1833.9
8.1363e+08,1832.7
8.1363e+08,1835.1
8.1363e+08,1827.8
8.1525e+08,1844.9
8.1525e+08,1846.9
8.1525e+08,1845.1
8.1525e+08,1843.5
8.1525e+08,1840.9
8.1525e+08,1841
8.1596e+08,1893
8.1596e+08,1891.9
8.1596e+08,1894.5
8.1596e+08,1897
8.1596e+08,1895.5
8.1596e+08,1897
8.1666e+08,1848.8
8.1666e+08,1850.1
8.1666e+08,1849.8
8.1666e+08,1851.8
8.1666e+08,1849
8.1666e+08,1846.6
8.1813e+08,1873.9
8.1813e+08,1871.6
8.1813e+08,1864.1
8.1813e+08,1864.9
8.1854e+08,1874.9
8.1854e+08,1875.3
8.1916e+08,1872.7
8.1916e+08,1871.4
8.1916e+08,1874.4
8.1916e+08,1870.1
8.1916e+08,1866.8
8.1916e+08,1867.9
8.1968e+08,1853.8
8.1968e+08,1862.2
8.1968e+08,1848.7
8.1968e+08,1849.3
8.2019e+08,1854.2
8.2019e+08,1859.2
8.2019e+08,1858.9
8.2019e+08,1856.6
8.2217e+08,1855.8
8.2217e+08,1864.4
8.2217e+08,1853.8
8.2217e+08,1851
8.2217e+08,1847.6
8.2217e+08,1846.7
8.227e+08 ,1859.8
8.227e+08 ,1855.7
8.227e+08 ,1852.3
8.227e+08 ,1851.1
8.227e+08 ,1852.8
8.227e+08 ,1849.1
8.233e+08 ,1868.4
8.233e+08 ,1867.2
8.2331e+08,1867.2
8.2331e+08,1870.5
8.2331e+08,1863.7
8.2331e+08,1864.8
8.254e+08 ,1871.4
8.254e+08 ,1872
8.254e+08 ,1871.8
8.254e+08 ,1873.1
8.254e+08 ,1869.2
8.254e+08 ,1870
8.2572e+08,1867.1
8.2572e+08,1867.5
8.2572e+08,1864.1
8.2572e+08,1869.7
8.2572e+08,1862.3
8.2572e+08,1865.4
8.2641e+08,1874.7
8.2641e+08,1873.6
8.2641e+08,1872.3
8.2641e+08,1875.3
8.2641e+08,1873.2
8.2762e+08,1861.1
8.2762e+08,1868.2
8.2762e+08,1862.7
8.2762e+08,1864.2
8.2762e+08,1856.3
8.2814e+08,1849.7
8.2814e+08,1851.9
8.2814e+08,1845.4
8.2814e+08,1852.8
8.2875e+08,1849.7
8.2875e+08,1849.2
8.2875e+08,1847
8.2875e+08,1850.7
8.2875e+08,1847.6
8.2875e+08,1848.1
8.2935e+08,1857.4
8.2935e+08,1858.4
8.2935e+08,1850.6
8.2935e+08,1853.8
8.2978e+08,1847.6
8.2978e+08,1850.6
8.2979e+08,1839.5
8.2979e+08,1839.7
8.3064e+08,1846.8
8.3064e+08,1848.4
8.3064e+08,1841.5
8.3064e+08,1843.7
8.3117e+08,1850.6
8.3117e+08,1850
8.3117e+08,1848.9
8.3117e+08,1843.3
8.3151e+08,1848.3
8.3151e+08,1846.3
8.3151e+08,1845.6
8.3151e+08,1838.1
8.3246e+08,1847
8.3246e+08,1845.6
8.3246e+08,1834.3
8.3246e+08,1838.4
8.3296e+08,1847.7
8.3296e+08,1848
8.3296e+08,1839.8
8.3296e+08,1839.4
8.3341e+08,1893.3
8.3341e+08,1896.1
8.3341e+08,1893.1
8.3341e+08,1893.5
8.3418e+08,1831.4
8.3418e+08,1826.3
8.3418e+08,1822.9
8.3418e+08,1824.2
8.3451e+08,1824.8
8.3451e+08,1822.9
8.3549e+08,1818
8.3549e+08,1825
8.3549e+08,1826.3
8.3549e+08,1827.8
8.3608e+08,1843.5
8.3608e+08,1851.5
8.3608e+08,1842.3
8.3608e+08,1844.5
8.3644e+08,1816.2
8.3644e+08,1812.9
8.3644e+08,1814.3
8.3703e+08,1808.8
8.3703e+08,1816.9
8.3703e+08,1811
8.3703e+08,1807.6
8.3789e+08,1814.5
8.3789e+08,1808.1
8.379e+08 ,1817.4
8.379e+08 ,1814.7
8.3843e+08,1822.6
8.3843e+08,1817.2
8.3843e+08,1812.4
8.3843e+08,1812.5
8.3971e+08,1812.7
8.3971e+08,1812.7
8.3972e+08,1809.7
8.3972e+08,1806.4
8.4025e+08,1885.2
8.4025e+08,1881.1
8.4025e+08,1883.7
8.4025e+08,1881.2
8.4059e+08,1816.1
8.4059e+08,1814.3
8.4059e+08,1812.1
8.4059e+08,1811.1
8.4135e+08,1840.8
8.4135e+08,1847.9
8.4135e+08,1838.6
8.4206e+08,1844.7
8.4206e+08,1847.8
8.4206e+08,1841.8
8.4206e+08,1839.2
8.4275e+08,1823.9
8.4275e+08,1831.5
8.4334e+08,1842.7
8.4334e+08,1834.7
8.4334e+08,1844.6
8.4334e+08,1840.8
8.4394e+08,1880
8.4394e+08,1883.1
8.4394e+08,1881.1
8.4394e+08,1880.7
8.4454e+08,1864.2
8.4454e+08,1871.7
8.4454e+08,1860.2
8.4454e+08,1859.8
8.4628e+08,1847.6
8.4628e+08,1853.9
8.4628e+08,1850.5
8.4628e+08,1840.9
8.4715e+08,1835.8
8.4715e+08,1834.7
8.4715e+08,1828.5
8.4715e+08,1832.8
8.4817e+08,1851.7
8.4817e+08,1850.9
8.4817e+08,1841.3
8.4817e+08,1846.5
8.4845e+08,1843.2
8.4845e+08,1835.7
8.4845e+08,1835.5
8.4845e+08,1835.4
8.4939e+08,1854.8
8.4939e+08,1853.2
8.4939e+08,1847.7
8.4939e+08,1843.6
8.4975e+08,1850.8
8.5053e+08,1869.7
8.5053e+08,1867
8.5104e+08,1845.2
8.5104e+08,1845.8
8.5105e+08,1843.2
8.5105e+08,1841.8
8.5165e+08,1847.8
8.5165e+08,1852.3
8.5165e+08,1848.5
8.5165e+08,1853.6
8.5294e+08,1849.5
8.5294e+08,1850.1
8.5294e+08,1853.5
8.5294e+08,1854.8
8.5372e+08,1875.3
8.5372e+08,1878.3
8.5372e+08,1874.3
8.5372e+08,1872.5
8.5537e+08,1881
8.5537e+08,1881.4
8.5537e+08,1872.5
8.5537e+08,1875.5
8.5596e+08,1870.2
8.5596e+08,1873.4
8.5596e+08,1867.1
8.5596e+08,1866.3
8.5665e+08,1893.4
8.5665e+08,1889
8.5725e+08,1846.9
8.5725e+08,1849.4
8.5725e+08,1843
8.5761e+08,1833.1
8.5761e+08,1840.1
8.5761e+08,1828.1
8.5761e+08,1831.3
8.5847e+08,1847.4
8.5847e+08,1853.3
8.5906e+08,1857.6
8.5906e+08,1857.1
8.5966e+08,1852.4
8.5966e+08,1858.9
8.5966e+08,1849.7
8.5966e+08,1846.9
8.6003e+08,1854.2
8.6003e+08,1848.8
8.6081e+08,1849.6
8.6081e+08,1851
8.6147e+08,1852
8.6147e+08,1852.3
8.6193e+08,1837.5
8.6193e+08,1841.2
8.6262e+08,1835.2
8.6262e+08,1833.4
8.6262e+08,1836
8.6262e+08,1839.2
8.6262e+08,1842.9
8.6303e+08,1842.3
8.6303e+08,1843.1
8.6303e+08,1844.7
8.6303e+08,1839.7
8.6303e+08,1844.9
8.6303e+08,1846.5
8.6303e+08,1843.1
8.6451e+08,1842.2
8.6451e+08,1840.8
8.6451e+08,1845.2
8.6451e+08,1840.4
8.6504e+08,1830.2
8.6504e+08,1829.4
8.6504e+08,1830.5
8.6504e+08,1830.9
8.6545e+08,1842.8
8.6545e+08,1842.4
8.6545e+08,1845.4
8.6545e+08,1846.7
8.6631e+08,1825.4
8.6631e+08,1824
8.6631e+08,1826.2
8.6631e+08,1827.4
8.6631e+08,1827
8.6632e+08,1820.6
8.6632e+08,1825.6
8.6632e+08,1825.9
8.6667e+08,1817.3
8.6667e+08,1815.1
8.6667e+08,1816.8
8.6667e+08,1814
8.6667e+08,1812.4
8.6667e+08,1817.6
8.6667e+08,1813.3
8.6746e+08,1811.1
8.6746e+08,1807
8.6746e+08,1811.7
8.6746e+08,1812.1
8.6797e+08,1816.7
8.6797e+08,1812.4
8.6797e+08,1808.8
8.6797e+08,1809.7
8.6797e+08,1813.9
8.6866e+08,1800.6
8.6866e+08,1802.5
8.6866e+08,1804.7
8.6866e+08,1803.6
8.6934e+08,1817.4
8.6934e+08,1817.1
8.6934e+08,1817.6
8.7057e+08,1831.8
8.7057e+08,1833.9
8.7057e+08,1836.1
8.7057e+08,1832.3
8.7057e+08,1831.6
8.7057e+08,1832.1
8.7115e+08,1872.7
8.7115e+08,1877.1
8.7116e+08,1867
8.7116e+08,1871
8.7116e+08,1868.4
8.7116e+08,1867.7
8.7176e+08,1823
8.7176e+08,1821.2
8.7176e+08,1813.3
8.7176e+08,1818.1
8.7176e+08,1817.9
8.7176e+08,1816.7
8.7236e+08,1850.5
8.7236e+08,1855.7
8.7236e+08,1848.6
8.7236e+08,1848.1
8.7236e+08,1850
8.7236e+08,1852.5
8.7289e+08,1876.1
8.7289e+08,1878.4
8.7289e+08,1884.6
8.7289e+08,1881.2
8.7289e+08,1885.7
8.7289e+08,1885.4
8.7419e+08,1871.8
8.7419e+08,1871.3
8.7419e+08,1871.6
8.7419e+08,1874
8.7469e+08,1851.9
8.7469e+08,1854.3
8.7469e+08,1848.9
8.7469e+08,1852.7
8.7549e+08,1837.9
8.7549e+08,1838
8.7549e+08,1836.1
8.7549e+08,1837.6
8.7549e+08,1836.1
8.7549e+08,1833.9
8.7601e+08,1835.3
8.7601e+08,1839.4
8.7601e+08,1840.1
8.7601e+08,1839.2
8.7601e+08,1838.9
8.7601e+08,1840.5
8.7714e+08,1829.3
8.7714e+08,1827.8
8.7714e+08,1831.6
8.7714e+08,1833.4
8.7773e+08,1839.2
8.7773e+08,1838.4
8.7774e+08,1839.5
8.7774e+08,1838.6
8.7885e+08,1847.3
8.7885e+08,1845.5
8.7885e+08,1843.5
8.7955e+08,1852.3
8.7955e+08,1854
8.7956e+08,1844.6
8.7956e+08,1849.1
8.8015e+08,1857.4
8.8015e+08,1859.4
8.8015e+08,1854.9
8.8015e+08,1857.5
8.8015e+08,1855.9
8.8015e+08,1856
8.8092e+08,1836.9
8.8092e+08,1836.3
8.8092e+08,1837
8.8092e+08,1836.5
8.8092e+08,1837.4
8.8092e+08,1836
8.8128e+08,1846.7
8.8128e+08,1849.3
8.8128e+08,1845
8.8128e+08,1845.4
8.8128e+08,1846.5
8.8128e+08,1846.5
8.8197e+08,1844.8
8.8197e+08,1844.5
8.8197e+08,1842.8
8.8197e+08,1843.4
8.8197e+08,1844.7
8.8258e+08,1852.7
8.8258e+08,1854.4
8.8258e+08,1849.7
8.8258e+08,1850
8.83e+08  ,1853.1
8.83e+08  ,1854
8.83e+08  ,1851
8.83e+08  ,1851.7
8.83e+08  ,1852.4
8.83e+08  ,1849.4
8.8387e+08,1871.5
8.8387e+08,1872
8.8387e+08,1870.2
8.8387e+08,1870.5
8.8387e+08,1869.6
8.8387e+08,1868.2
8.8439e+08,1880.1
8.8439e+08,1881
8.85e+08  ,1860.4
8.85e+08  ,1861.9
8.85e+08  ,1860.3
8.85e+08  ,1861
8.856e+08 ,1851.9
8.856e+08 ,1852
8.856e+08 ,1854.7
8.856e+08 ,1851.6
8.856e+08 ,1855.6
8.856e+08 ,1852.9
8.8621e+08,1855.7
8.8621e+08,1854
8.8621e+08,1854.8
8.8621e+08,1855.7
8.8621e+08,1854.8
8.8621e+08,1854.9
8.8681e+08,1854.1
8.8681e+08,1855.2
8.8681e+08,1855.2
8.8681e+08,1856.5
8.8681e+08,1855
8.8681e+08,1856.2
8.8742e+08,1858
8.8742e+08,1856.2
8.8742e+08,1857.5
8.8742e+08,1857.3
8.8742e+08,1856.7
8.8742e+08,1857.5
8.8863e+08,1900.4
8.8863e+08,1900.9
8.8923e+08,1857.1
8.8923e+08,1857.9
8.8923e+08,1859.2
8.8923e+08,1858.3
8.8984e+08,1865.4
8.8984e+08,1865.5
8.8984e+08,1868.2
8.8984e+08,1867.4
8.8984e+08,1859.3
8.8984e+08,1861.2
8.9044e+08,1849.2
8.9044e+08,1850.9
8.9044e+08,1850.9
8.9044e+08,1850.5
8.9044e+08,1851
8.9044e+08,1849.1
8.9113e+08,1867.1
8.9113e+08,1865.8
8.9113e+08,1855.8
8.9113e+08,1857.8
8.9113e+08,1856.9
8.9113e+08,1858.3
8.9163e+08,1859.1
8.9163e+08,1859.9
8.9163e+08,1860.9
8.9163e+08,1859.2
8.9163e+08,1858.7
8.9163e+08,1858.5
8.9225e+08,1844.5
8.9225e+08,1845.1
8.9226e+08,1845.8
8.9226e+08,1845.5
8.9226e+08,1844.8
8.9226e+08,1844.9
8.9285e+08,1841
8.9285e+08,1843
8.9286e+08,1843.6
8.9286e+08,1843.6
8.9286e+08,1842.2
8.9286e+08,1844.6
8.9346e+08,1841.7
8.9346e+08,1840.1
8.9407e+08,1841
8.9407e+08,1841.2
8.9407e+08,1843.3
8.9407e+08,1843
8.9407e+08,1843.4
8.9407e+08,1841.8
8.9467e+08,1853.7
8.9467e+08,1857.1
8.9467e+08,1855.5
8.9467e+08,1856.7
8.9468e+08,1864.3
8.9468e+08,1860.9
8.9528e+08,1847.9
8.9528e+08,1845.5
8.9528e+08,1846.9
8.9528e+08,1846
8.9528e+08,1845.9
8.9528e+08,1847.7
8.9588e+08,1838.1
8.9588e+08,1839.8
8.9588e+08,1839.7
8.9588e+08,1840.1
8.9589e+08,1839.3
8.9589e+08,1839.9
8.9649e+08,1856.4
8.9649e+08,1855
8.9649e+08,1851
8.9649e+08,1851.8
8.9649e+08,1850.9
8.9649e+08,1852.5
8.9758e+08,1843.2
8.9758e+08,1843.1
8.9758e+08,1844.3
8.9758e+08,1845.4
8.9758e+08,1844.4
8.9758e+08,1844.6
8.9899e+08,1851.9
8.9899e+08,1856
8.9899e+08,1858.4
8.9899e+08,1855.7
8.9899e+08,1854.9
8.995e+08 ,1874.4
8.995e+08 ,1874.8
8.995e+08 ,1848.3
8.995e+08 ,1851.8
9.0001e+08,1817.9
9.0001e+08,1817.6
9.0001e+08,1820.2
9.0001e+08,1819.7
9.0063e+08,1825.6
9.0063e+08,1826.1
9.0063e+08,1825.7
9.0063e+08,1824.3
9.0114e+08,1826.3
9.0114e+08,1824
9.0115e+08,1826.5
9.0115e+08,1825.3
9.0115e+08,1829.5
9.0115e+08,1830.4
9.026e+08 ,1880
9.026e+08 ,1880.9
9.026e+08 ,1878
9.026e+08 ,1876
9.026e+08 ,1882.3
9.026e+08 ,1879.8
9.032e+08 ,1853.9
9.032e+08 ,1855
9.032e+08 ,1865.8
9.032e+08 ,1868.4
9.0391e+08,1865.4
9.0391e+08,1866.7
9.0391e+08,1869.9
9.0391e+08,1871.3
9.0444e+08,1846.3
9.0444e+08,1846.1
9.0444e+08,1845.8
9.0444e+08,1846.5
9.0748e+08,1864.5
9.0748e+08,1862.7
9.0748e+08,1864.1
9.0748e+08,1864.6
9.0867e+08,1856.9
9.0867e+08,1856.7
9.0867e+08,1858.6
9.0867e+08,1861
9.0918e+08,1872.3
9.0918e+08,1872.4
9.0919e+08,1860.2
9.0919e+08,1860.4
9.0992e+08,1866.4
9.0992e+08,1865.7
9.0992e+08,1863.5
9.0992e+08,1864.4
9.0992e+08,1873.4
9.0992e+08,1877.6
9.11e+08  ,1893.2
9.11e+08  ,1893.7
9.11e+08  ,1897.6
9.11e+08  ,1899.5
9.116e+08 ,1859.1
9.116e+08 ,1856.3
9.116e+08 ,1856.1
9.116e+08 ,1854.6
9.122e+08 ,1856.6
9.122e+08 ,1858.7
9.122e+08 ,1858.6
9.122e+08 ,1857.4
9.1282e+08,1868.5
9.1282e+08,1868.7
9.1282e+08,1867.9
9.1282e+08,1868.5
9.1402e+08,1893.8
9.1402e+08,1890.7
9.1402e+08,1886.7
9.1402e+08,1887.4
9.1403e+08,1894.8
9.1403e+08,1895.7
9.1515e+08,1915.1
9.1515e+08,1917
9.1515e+08,1913.6
9.1515e+08,1913.1
9.1515e+08,1909.4
9.1515e+08,1910
9.1584e+08,1884.1
9.1584e+08,1885.9
9.1643e+08,1879.3
9.1643e+08,1876.4
9.1643e+08,1879.8
9.1643e+08,1878.8
9.1643e+08,1880.9
9.1643e+08,1886.1
9.1705e+08,1893
9.1705e+08,1899
9.1705e+08,1889.5
9.1705e+08,1889.6
9.1705e+08,1890.1
9.1705e+08,1890.3
9.1766e+08,1881.9
9.1766e+08,1879.5
9.1766e+08,1882
9.1766e+08,1881.5
9.1825e+08,1900.9
9.1825e+08,1904.7
9.1878e+08,1885.4
9.1878e+08,1887.4
9.1878e+08,1885.5
9.1878e+08,1885.1
9.1947e+08,1875.3
9.1947e+08,1870.6
9.1947e+08,1874.1
9.1947e+08,1874.3
9.1947e+08,1874.2
9.1947e+08,1874.2
9.2008e+08,1884.3
9.2008e+08,1883
9.2008e+08,1883.3
9.2008e+08,1886.7
9.2146e+08,1880.6
9.2146e+08,1872.1
9.2146e+08,1873.2
9.2146e+08,1873.4
9.2147e+08,1875.2
9.2147e+08,1875.2
9.219e+08 ,1877.2
9.219e+08 ,1874.1
9.219e+08 ,1873.8
9.219e+08 ,1875.5
9.225e+08 ,1875.2
9.225e+08 ,1873.3
9.2309e+08,1865.7
9.2309e+08,1867.8
9.2309e+08,1868.4
9.2309e+08,1870.9
9.2309e+08,1871
9.2309e+08,1868.3
9.237e+08 ,1865.7
9.237e+08 ,1867
9.237e+08 ,1869.1
9.237e+08 ,1872.3
9.237e+08 ,1871.4
9.237e+08 ,1873.2
9.2431e+08,1873
9.2431e+08,1873
9.2431e+08,1871.9
9.2431e+08,1870.7
9.2431e+08,1872
9.2491e+08,1870.8
9.2491e+08,1867.1
9.2491e+08,1871.6
9.2491e+08,1870.7
9.255e+08 ,1868.9
9.255e+08 ,1867.8
9.255e+08 ,1865.7
9.2601e+08,1854.4
9.2601e+08,1849.8
9.2601e+08,1855.7
9.2601e+08,1855
9.2601e+08,1854.9
9.2601e+08,1854.9
9.268e+08 ,1856.3
9.268e+08 ,1855.2
9.268e+08 ,1849.6
9.268e+08 ,1851.2
9.268e+08 ,1853.5
9.268e+08 ,1855.3
9.2741e+08,1853.5
9.2741e+08,1850.6
9.2741e+08,1853.6
9.2741e+08,1855.5
9.2741e+08,1857.5
9.2801e+08,1870
9.2801e+08,1866.9
9.2801e+08,1869.8
9.2801e+08,1873.9
9.2801e+08,1862.4
9.2801e+08,1863.5
9.2916e+08,1857.6
9.2916e+08,1856
9.2916e+08,1857.4
9.2916e+08,1859.1
9.2916e+08,1858.4
9.2916e+08,1856.9
9.2983e+08,1837.2
9.2983e+08,1838
9.2983e+08,1837.5
9.2983e+08,1836.7
9.2983e+08,1837.2
9.2983e+08,1837.4
9.3034e+08,1826.7
9.3034e+08,1828.9
9.3034e+08,1825.1
9.3034e+08,1825
9.3034e+08,1825.5
9.3034e+08,1826.1
9.3103e+08,1842.5
9.3103e+08,1840.2
9.3103e+08,1842
9.3103e+08,1841.6
9.3174e+08,1836.5
9.3174e+08,1834.2
9.3199e+08,1861.6
9.3199e+08,1859.1
9.3285e+08,1823.2
9.3285e+08,1821.2
9.3415e+08,1833.2
9.3415e+08,1833.4
9.3416e+08,1832
9.3416e+08,1830.5
9.3416e+08,1833.8
9.3416e+08,1833
9.3476e+08,1881.1
9.3476e+08,1879.8
9.3476e+08,1857.9
9.3476e+08,1861.2
9.3476e+08,1853.2
9.3476e+08,1857.8
9.3519e+08,1836.1
9.3519e+08,1831.7
9.3519e+08,1832.4
9.3519e+08,1832.7
9.3519e+08,1837.9
9.3519e+08,1836.6
9.3582e+08,1828
9.3582e+08,1827.8
9.3582e+08,1827.2
9.3582e+08,1825.8
9.3582e+08,1831
9.3582e+08,1831.4
9.3707e+08,1863.3
9.3707e+08,1863.3
9.3707e+08,1861.8
9.3707e+08,1859.9
9.3708e+08,1858.3
9.3708e+08,1860.1
9.3768e+08,1847.8
9.3768e+08,1846.5
9.3768e+08,1844.2
9.3768e+08,1842.3
9.3882e+08,1848.7
9.3882e+08,1853.3
9.3882e+08,1854.3
9.3882e+08,1854.2
9.3961e+08,1849.8
9.3961e+08,1849.8
9.401e+08 ,1872.6
9.401e+08 ,1869.7
9.4064e+08,1849
9.4064e+08,1848.4
9.4124e+08,1854.6
9.4124e+08,1854.5
9.4124e+08,1856
9.4124e+08,1855
9.4124e+08,1853.7
9.4124e+08,1852.2
9.4185e+08,1893.5
9.4185e+08,1898
9.4185e+08,1893.2
9.4185e+08,1891.7
9.4185e+08,1892.5
9.4185e+08,1890
9.4297e+08,1885
9.4297e+08,1886.2
9.4297e+08,1889.6
9.4297e+08,1891.7
9.4297e+08,1892.5
9.4297e+08,1890.8
9.4418e+08,1865.4
9.4418e+08,1861.1
9.4418e+08,1860
9.4418e+08,1859
9.4418e+08,1858.6
9.4418e+08,1859.6
9.4555e+08,1864.5
9.4555e+08,1862.4
9.4555e+08,1859.6
9.4555e+08,1860.5
9.4555e+08,1861.6
9.4555e+08,1859.8
9.4608e+08,1895
9.4608e+08,1895
9.4739e+08,1886.6
9.4739e+08,1887
9.4849e+08,1887
9.4849e+08,1885.8
9.4849e+08,1887.2
9.4849e+08,1885.3
9.4849e+08,1885.7
9.4849e+08,1885.4
9.4911e+08,1861.2
9.4911e+08,1861.7
9.4911e+08,1860.3
9.4911e+08,1860
9.497e+08 ,1889.6
9.497e+08 ,1891.6
9.497e+08 ,1887.1
9.497e+08 ,1889.9
9.497e+08 ,1891
9.497e+08 ,1892.6
9.5039e+08,1876.2
9.5039e+08,1875.7
9.5039e+08,1874.7
9.5039e+08,1875.3
9.5039e+08,1873.4
9.5039e+08,1875.1
9.5082e+08,1892.2
9.5082e+08,1893.6
9.5082e+08,1892.2
9.5082e+08,1893.1
9.5082e+08,1892.1
9.5082e+08,1892.4
9.5159e+08,1910.8
9.5159e+08,1911.4
9.5159e+08,1912.1
9.5159e+08,1910.6
9.5159e+08,1908.1
9.5159e+08,1908.1
9.5196e+08,1876
9.5196e+08,1874.4
9.5264e+08,1856
9.5264e+08,1854.6
9.5264e+08,1854.3
9.5264e+08,1856.1
9.5265e+08,1855.4
9.5265e+08,1855.5
9.5402e+08,1859.6
9.5402e+08,1860.8
9.5402e+08,1862
9.5402e+08,1861.9
9.5402e+08,1859
9.5402e+08,1859.2
9.5446e+08,1863.3
9.5446e+08,1862.7
9.5447e+08,1864.3
9.5447e+08,1861.9
9.5517e+08,1884.2
9.5517e+08,1886.8
9.5649e+08,1862.8
9.5649e+08,1861.1
9.5649e+08,1863.9
9.5649e+08,1863.1
9.5712e+08,1853.8
9.5712e+08,1853.1
9.5712e+08,1852.5
9.5712e+08,1853
9.5712e+08,1850.7
9.5712e+08,1852.4
9.5765e+08,1865.1
9.5765e+08,1863.5
9.5765e+08,1872.9
9.5765e+08,1872.4
9.5824e+08,1856.4
9.5824e+08,1856.1
9.5824e+08,1855.3
9.5824e+08,1856
9.5885e+08,1853.6
9.5885e+08,1854.5
9.5885e+08,1854.7
9.5885e+08,1854.6
9.5939e+08,1859.4
9.5939e+08,1860.6
9.5939e+08,1860.6
9.5939e+08,1859.3
9.5939e+08,1859.3
9.5939e+08,1858.9
9.6127e+08,1851.6
9.6127e+08,1852.3
9.6127e+08,1850.7
9.6127e+08,1847.7
9.6127e+08,1851.1
9.6127e+08,1849.8
9.6163e+08,1841.3
9.6163e+08,1841.9
9.6163e+08,1841.8
9.6163e+08,1841.2
9.6163e+08,1843.6
9.6163e+08,1842.7
9.624e+08 ,1856.6
9.624e+08 ,1852.8
9.624e+08 ,1876.6
9.624e+08 ,1877.6
9.6292e+08,1891.1
9.6292e+08,1889.2
9.6334e+08,1829.8
9.6334e+08,1826.8
9.6334e+08,1827.8
9.6334e+08,1827.1
9.6396e+08,1828.3
9.6396e+08,1830.5
9.6396e+08,1828.2
9.6396e+08,1829.4
9.6396e+08,1829.7
9.649e+08 ,1835.8
9.649e+08 ,1834.7
9.649e+08 ,1833.9
9.649e+08 ,1832.2
9.649e+08 ,1836.7
9.649e+08 ,1834.6
9.6531e+08,1844.3
9.6531e+08,1844
9.6533e+08,1843.8
9.6533e+08,1841.6
9.6534e+08,1848.1
9.6534e+08,1848.1
9.6604e+08,1827.6
9.6608e+08,1831.1
9.6608e+08,1831.1
9.6665e+08,1858.9
9.6665e+08,1862.7
9.6665e+08,1864.2
9.6665e+08,1866.2
9.6725e+08,1841.9
9.6725e+08,1840.6
9.6725e+08,1843.7
9.6725e+08,1843.6
9.6725e+08,1845.5
9.6725e+08,1843
9.6846e+08,1875.5
9.6846e+08,1869.4
9.6846e+08,1874.8
9.6846e+08,1874.8
9.6906e+08,1851.3
9.6906e+08,1854.7
9.6906e+08,1853.4
9.6906e+08,1851.1
9.6907e+08,1860.8
9.6907e+08,1855.9
9.6967e+08,1856.7
9.6967e+08,1857.8
9.6967e+08,1850.9
9.6967e+08,1850.5
9.6967e+08,1850.1
9.6967e+08,1850.2
9.7027e+08,1861.6
9.7027e+08,1861.8
9.7028e+08,1870.1
9.7028e+08,1867.9
9.7088e+08,1856.3
9.7088e+08,1856.8
9.7088e+08,1854.3
9.7088e+08,1854.4
9.7338e+08,1856.2
9.7338e+08,1854.6
9.7338e+08,1855.1
9.7338e+08,1855.6
9.7408e+08,1851.9
9.7408e+08,1850.1
9.7408e+08,1851.9
9.7408e+08,1852.5
9.7408e+08,1851.7
9.7408e+08,1854.5
9.745e+08 ,1850.8
9.745e+08 ,1850.2
9.7511e+08,1857.9
9.7511e+08,1857.8
9.7511e+08,1860.8
9.7511e+08,1860.3
9.7511e+08,1856.2
9.7511e+08,1859.1
9.7572e+08,1860.8
9.7572e+08,1860.4
9.7572e+08,1861.3
9.7572e+08,1858.6
9.7572e+08,1855.4
9.7572e+08,1860.3
9.7632e+08,1862
9.7632e+08,1863.1
9.7632e+08,1861.5
9.7632e+08,1861.4
9.7632e+08,1863.7
9.7632e+08,1862.8
9.7718e+08,1851.3
9.7718e+08,1854.2
9.7718e+08,1851.5
9.7718e+08,1852.9
9.7718e+08,1851.7
9.7718e+08,1853.5
9.7761e+08,1857
9.7761e+08,1857.7
9.7761e+08,1857.7
9.7761e+08,1858.3
9.7762e+08,1859
9.7762e+08,1855.6
9.7822e+08,1860.5
9.7822e+08,1860.6
9.7823e+08,1862.6
9.7823e+08,1867.9
9.7823e+08,1861.4
9.7823e+08,1863.7
9.7874e+08,1873.5
9.7874e+08,1872.9
9.7874e+08,1869.7
9.7874e+08,1873.5
9.7874e+08,1872.5
9.7874e+08,1873.5
9.7935e+08,1868
9.7935e+08,1870.9
9.7995e+08,1869.5
9.7995e+08,1868.2
9.7995e+08,1871.1
9.7995e+08,1870.1
9.7995e+08,1869.9
9.7995e+08,1871.4
9.8056e+08,1873.3
9.8056e+08,1871.4
9.8056e+08,1870.8
9.8056e+08,1870.8
9.8056e+08,1872.8
9.8056e+08,1872.1
9.8141e+08,1877.7
9.8141e+08,1874.5
9.8141e+08,1878.6
9.8141e+08,1877.1
9.8141e+08,1874.9
9.8141e+08,1876.7
9.8186e+08,1873.6
9.8186e+08,1876.6
9.8186e+08,1877.1
9.8186e+08,1875.1
9.8237e+08,1866.4
9.8237e+08,1865.8
9.8238e+08,1867.1
9.8238e+08,1865.1
9.8298e+08,1880.7
9.8298e+08,1873.8
9.8298e+08,1872.9
9.8298e+08,1874.9
9.8358e+08,1879.9
9.8358e+08,1876.2
9.8358e+08,1876.1
9.8358e+08,1873.1
9.8427e+08,1867.4
9.8427e+08,1864
9.8427e+08,1868.4
9.8427e+08,1867.9
9.8427e+08,1864.4
9.8427e+08,1867.9
9.8479e+08,1865.5
9.8479e+08,1865
9.8479e+08,1866.9
9.8479e+08,1866.6
9.854e+08 ,1882
9.854e+08 ,1884.4
9.854e+08 ,1882.6
9.854e+08 ,1881.4
9.8608e+08,1866
9.8608e+08,1861.9
9.8608e+08,1867.8
9.8608e+08,1865.3
9.8608e+08,1860.9
9.8608e+08,1863.1
9.866e+08 ,1864.7
9.866e+08 ,1864.7
9.866e+08 ,1866.5
9.866e+08 ,1866.2
9.866e+08 ,1866.4
9.866e+08 ,1865.7
9.8729e+08,1871.4
9.8729e+08,1873.3
9.8729e+08,1872.8
9.8729e+08,1870.7
9.8729e+08,1870.6
9.8729e+08,1870
9.8781e+08,1878.7
9.8781e+08,1877.7
9.8781e+08,1880.7
9.8781e+08,1880.1
9.8781e+08,1880.8
9.8781e+08,1880
9.8902e+08,1859.5
9.8902e+08,1858.7
9.8902e+08,1867.1
9.8902e+08,1861.5
9.8902e+08,1860
9.8902e+08,1859.2
9.8963e+08,1861.8
9.8963e+08,1859.2
9.8963e+08,1859.7
9.8963e+08,1858.6
9.8963e+08,1860
9.8963e+08,1858.5
9.9023e+08,1854.5
9.9023e+08,1854.5
9.9023e+08,1853.9
9.9023e+08,1850.7
9.9023e+08,1854.4
9.9023e+08,1856.2
9.9083e+08,1851.9
9.9083e+08,1851.1
9.9083e+08,1849.6
9.9083e+08,1852.8
9.9083e+08,1852.3
9.9083e+08,1851.8
9.9153e+08,1859.3
9.9153e+08,1858.1
9.9153e+08,1858.4
9.9153e+08,1856.7
9.9153e+08,1860.6
9.9153e+08,1858.2
9.9203e+08,1842.5
9.9203e+08,1843.8
9.9204e+08,1844.1
9.9204e+08,1841.8
9.9204e+08,1843.7
9.9204e+08,1842.5
9.9265e+08,1863.8
9.9265e+08,1861.4
9.9265e+08,1862.3
9.9265e+08,1862.8
9.9326e+08,1840.2
9.9326e+08,1841.5
9.9326e+08,1842.2
9.9326e+08,1840.7
9.9326e+08,1842.1
9.9386e+08,1830.2
9.9386e+08,1829.4
9.9386e+08,1831
9.9386e+08,1831.9
9.9386e+08,1831.5
9.9447e+08,1827.3
9.9447e+08,1828.2
9.9447e+08,1830.4
9.9447e+08,1827.7
9.9447e+08,1828.4
9.9507e+08,1828.4
9.9507e+08,1827.4
9.9507e+08,1825.6
9.9507e+08,1826.9
9.9507e+08,1825.8
9.9507e+08,1825.6
9.9688e+08,1859.4
9.9688e+08,1860.9
9.9688e+08,1861.2
9.9688e+08,1860.7
9.9689e+08,1860.8
9.9689e+08,1856.4
9.9809e+08,1841.5
9.9809e+08,1845
9.981e+08 ,1840
9.981e+08 ,1840.5
9.981e+08 ,1843.2
9.981e+08 ,1842.6
9.9878e+08,1843.7
9.9878e+08,1845.6
9.9878e+08,1841.8
9.9878e+08,1844
9.9931e+08,1855.6
9.9931e+08,1857.5
9.9931e+08,1854.6
9.9931e+08,1857.3
9.9931e+08,1855.2
9.9931e+08,1855.8
9.9991e+08,1844.1
9.9991e+08,1844.8
9.9991e+08,1843.7
9.9991e+08,1844
9.9991e+08,1844.1
9.9991e+08,1843.2
1.0004e+09,1852
1.0004e+09,1850.6
1.0004e+09,1848.5
1.0004e+09,1845.5
1.0004e+09,1848.6
1.0004e+09,1848
1.0011e+09,1849.1
1.0011e+09,1847.2
1.0011e+09,1848.2
1.0011e+09,1847.2
1.0011e+09,1846.9
1.0011e+09,1846.8
1.0017e+09,1844.7
1.0017e+09,1844.3
1.0017e+09,1847.6
1.0017e+09,1845.1
1.0017e+09,1846.1
1.0017e+09,1846.8
1.0023e+09,1858
1.0023e+09,1858.9
1.0023e+09,1860.7
1.0023e+09,1860.9
1.0023e+09,1862.4
1.0034e+09,1854.3
1.0034e+09,1853.2
1.0034e+09,1859.3
1.0034e+09,1859.1
1.0034e+09,1865.5
1.0034e+09,1863.8
1.0041e+09,1863.3
1.0041e+09,1864
1.0041e+09,1861.6
1.0041e+09,1860.7
1.0047e+09,1857.2
1.0047e+09,1856.7
1.0047e+09,1856.6
1.0047e+09,1857.6
1.0048e+09,1855.8
1.0048e+09,1856.7
1.0054e+09,1858.7
1.0054e+09,1858.9
1.0054e+09,1858.7
1.0054e+09,1857.6
1.0054e+09,1857.6
1.0054e+09,1858.7
1.006e+09 ,1885.4
1.006e+09 ,1887.8
1.006e+09 ,1886.9
1.006e+09 ,1878.3
1.006e+09 ,1876.9
1.0066e+09,1862
1.0066e+09,1861.7
1.0066e+09,1861.8
1.0066e+09,1862.4
1.0066e+09,1861.5
1.0066e+09,1862.3
1.0072e+09,1865.4
1.0072e+09,1863.9
1.0072e+09,1863
1.0072e+09,1864.1
1.0072e+09,1860.9
1.0072e+09,1864.9
1.0078e+09,1870.6
1.0078e+09,1870.1
1.0078e+09,1870.4
1.0078e+09,1869.9
1.0078e+09,1869.9
1.0078e+09,1869.7
1.0083e+09,1873.8
1.0083e+09,1874.4
1.0083e+09,1871.6
1.0083e+09,1873.1
1.0083e+09,1871.4
1.0083e+09,1872.8
1.0099e+09,1889.7
1.0099e+09,1888.9
1.0099e+09,1887.6
1.0099e+09,1890.4
1.0104e+09,1890.1
1.0104e+09,1887.4
1.0104e+09,1888.5
1.0108e+09,1887.4
1.0108e+09,1881.6
1.0114e+09,1884.8
1.0114e+09,1884.5
1.0114e+09,1883.6
1.0114e+09,1885.4
1.0132e+09,1876.7
1.0132e+09,1875.8
1.0138e+09,1866.3
1.0138e+09,1864.8
1.0138e+09,1865.5
1.0138e+09,1864.6
1.0138e+09,1867.5
1.0138e+09,1864.4
1.0144e+09,1885.5
1.0144e+09,1885.4
1.0145e+09,1888.3
1.0145e+09,1886.7
1.0153e+09,1872.6
1.0153e+09,1871.3
1.0153e+09,1871.2
1.0153e+09,1873.6
1.0156e+09,1863.6
1.0156e+09,1867.9
1.0156e+09,1867.4
1.0156e+09,1864.2
1.0162e+09,1866.5
1.0162e+09,1866.6
1.0162e+09,1867.1
1.0162e+09,1864.9
1.0168e+09,1861.8
1.0168e+09,1862.3
1.0168e+09,1868.8
1.0168e+09,1868.5
1.0168e+09,1867.7
1.0168e+09,1870
1.0175e+09,1871.4
1.0175e+09,1870
1.0175e+09,1871.4
1.0175e+09,1871.5
1.0175e+09,1870.1
1.0175e+09,1869.5
1.0186e+09,1883.7
1.0186e+09,1883.6
1.0186e+09,1884.6
1.0186e+09,1885.4
1.0193e+09,1869.5
1.0193e+09,1867.3
1.0193e+09,1869.9
1.0193e+09,1867.6
1.0205e+09,1834.2
1.0205e+09,1838.1
1.0205e+09,1848.9
1.0205e+09,1847
1.021e+09 ,1846.8
1.021e+09 ,1847.5
1.021e+09 ,1850.5
1.0218e+09,1862.7
1.0218e+09,1861.3
1.0218e+09,1864.4
1.0218e+09,1862.8
1.0225e+09,1844.1
1.0225e+09,1844.3
1.0225e+09,1843.8
1.0225e+09,1843.9
1.0225e+09,1843.3
1.0225e+09,1842.6
1.0231e+09,1840.8
1.0231e+09,1840.9
1.0231e+09,1839.7
1.0231e+09,1840.4
1.0231e+09,1839.6
1.0231e+09,1839.7
1.0236e+09,1847.7
1.0236e+09,1846.5
1.0236e+09,1848.6
1.0249e+09,1835.9
1.0249e+09,1834.5
1.0249e+09,1836.2
1.0249e+09,1834.5
1.0249e+09,1835.6
1.0249e+09,1834.8
1.0259e+09,1829.3
1.0259e+09,1828.4
1.0259e+09,1828
1.0259e+09,1831.6
1.0259e+09,1833.1
1.0259e+09,1833.7
1.0265e+09,1837.5
1.0265e+09,1836
1.0265e+09,1837.2
1.0265e+09,1837.1
1.0277e+09,1826.2
1.0277e+09,1825.4
1.0277e+09,1825
1.0277e+09,1826.6
1.0283e+09,1842.5
1.0283e+09,1841.9
1.0283e+09,1840.3
1.0283e+09,1847.9
1.0289e+09,1832.8
1.0289e+09,1833.5
1.0289e+09,1831.8
1.0289e+09,1834.7
1.0302e+09,1847.1
1.0302e+09,1847
1.0302e+09,1843.1
1.0302e+09,1843.4
1.0302e+09,1839
1.0302e+09,1836.4
1.032e+09 ,1877.8
1.032e+09 ,1878.4
1.032e+09 ,1875.7
1.032e+09 ,1876.9
1.032e+09 ,1877.3
1.032e+09 ,1877
1.033e+09 ,1873.5
1.033e+09 ,1877.2
1.033e+09 ,1874.6
1.033e+09 ,1872.5
1.033e+09 ,1872.8
1.033e+09 ,1874.5
1.0338e+09,1851.3
1.0338e+09,1853
1.0338e+09,1851.9
1.0338e+09,1851
1.0338e+09,1850.9
1.0338e+09,1852.3
1.0344e+09,1854
1.0344e+09,1854.2
1.0344e+09,1854.5
1.0344e+09,1858.1
1.0344e+09,1855.5
1.0344e+09,1855.3
1.035e+09 ,1889.4
1.035e+09 ,1886.6
1.0359e+09,1868.5
1.0359e+09,1867
1.0359e+09,1870.3
1.0359e+09,1871
1.0359e+09,1869.8
1.0359e+09,1868.8
1.0364e+09,1883.6
1.0364e+09,1883.7
1.0364e+09,1874.2
1.0364e+09,1876.3
1.0364e+09,1882.7
1.0371e+09,1867.1
1.0371e+09,1866.1
1.0376e+09,1864
1.0376e+09,1864.1
1.0376e+09,1864.7
1.0376e+09,1864.5
1.0379e+09,1866.5
1.0379e+09,1863.9
1.0382e+09,1881
1.0382e+09,1881.7
1.0382e+09,1885.2
1.0386e+09,1866.6
1.0386e+09,1868.8
1.0386e+09,1867.6
1.0386e+09,1867.3
1.0386e+09,1866.2
1.0386e+09,1866.5
1.0392e+09,1861.3
1.0392e+09,1861.8
1.0392e+09,1861
1.0392e+09,1857.5
1.0392e+09,1862
1.0392e+09,1860.5
1.0408e+09,1883.5
1.0408e+09,1881.9
1.0421e+09,1893.5
1.0421e+09,1891.8
1.0421e+09,1887.7
1.0421e+09,1890
1.0428e+09,1856.4
1.0428e+09,1854.3
1.0428e+09,1854.8
1.0428e+09,1854.1
1.0428e+09,1852.5
1.0428e+09,1855.7
1.0435e+09,1884.1
1.0435e+09,1887.3
1.0441e+09,1883.4
1.0441e+09,1884.1
1.0447e+09,1907.1
1.0447e+09,1907.8
1.0447e+09,1907.1
1.0447e+09,1909.3
1.0453e+09,1927.3
1.0453e+09,1929.8
1.0453e+09,1923.5
1.0453e+09,1921.8
1.0453e+09,1919.6
1.0453e+09,1920.5
1.0461e+09,1933
1.0461e+09,1933.4
1.0461e+09,1939
1.0461e+09,1939.4
1.0461e+09,1945.9
1.0461e+09,1942.2
1.0465e+09,1899.2
1.0465e+09,1900.2
1.0479e+09,1913.5
1.0479e+09,1912.4
1.0479e+09,1911.1
1.0479e+09,1911.1
1.0479e+09,1910.1
1.0479e+09,1909
1.0483e+09,1890.4
1.0483e+09,1890
1.0483e+09,1888.5
1.0483e+09,1889.7
1.0483e+09,1890
1.0483e+09,1890.7
1.0489e+09,1909.6
1.0489e+09,1907.8
1.0495e+09,1866.8
1.0495e+09,1866.5
1.0495e+09,1867.7
1.0495e+09,1868
1.0501e+09,1885.5
1.0501e+09,1886.3
1.0501e+09,1886.2
1.0501e+09,1885.3
1.0501e+09,1886.2
1.0501e+09,1885.6
1.0513e+09,1905.3
1.0513e+09,1910.3
1.0513e+09,1908.6
1.0513e+09,1908.3
1.0513e+09,1910.9
1.0513e+09,1908.6
1.0519e+09,1867
1.0519e+09,1867.7
1.0525e+09,1860.9
1.0525e+09,1859.2
1.0525e+09,1864.5
1.0525e+09,1862.7
1.0531e+09,1859.5
1.0531e+09,1860.9
1.0531e+09,1859.5
1.0531e+09,1858.9
1.0539e+09,1855.1
1.0539e+09,1854.5
1.0539e+09,1855.7
1.0539e+09,1856
1.0543e+09,1851.7
1.0543e+09,1856.3
1.0543e+09,1854.2
1.0543e+09,1854
1.0547e+09,1868.8
1.0547e+09,1867.3
1.0549e+09,1857.9
1.0549e+09,1857
1.0549e+09,1857.2
1.0549e+09,1860.1
1.0555e+09,1848.9
1.0555e+09,1850.2
1.0559e+09,1846.9
1.0559e+09,1847.4
1.0561e+09,1845
1.0561e+09,1843.8
1.0566e+09,1852.4
1.0566e+09,1855.3
1.0566e+09,1856.2
1.0566e+09,1854.3
1.0572e+09,1851.5
1.0572e+09,1852.4
1.0575e+09,1870.7
1.0575e+09,1868.8
1.058e+09 ,1849.2
1.058e+09 ,1847.7
1.0592e+09,1843.3
1.0592e+09,1843.7
1.0592e+09,1843.4
1.0592e+09,1843.9
1.0597e+09,1857.4
1.0597e+09,1855.2
1.0598e+09,1862
1.0598e+09,1860.9
1.0598e+09,1858.5
1.0598e+09,1857.6
1.061e+09 ,1846.7
1.061e+09 ,1846
1.061e+09 ,1846.1
1.061e+09 ,1846.1
1.0627e+09,1867.8
1.0627e+09,1867.3
1.0627e+09,1869.2
1.0627e+09,1869.2
1.0635e+09,1847.3
1.0635e+09,1852.5
1.0635e+09,1851.7
1.0635e+09,1853.5
1.064e+09 ,1882.6
1.064e+09 ,1888.3
1.064e+09 ,1878.8
1.064e+09 ,1880
1.0646e+09,1865
1.0646e+09,1864.2
1.0646e+09,1865.7
1.0646e+09,1866
1.0653e+09,1877.1
1.0653e+09,1874
1.0653e+09,1876
1.0653e+09,1874.9
1.0658e+09,1868.7
1.0658e+09,1873.3
1.0658e+09,1867
1.0658e+09,1867.7
1.0664e+09,1865.1
1.0664e+09,1864.6
1.0664e+09,1865.2
1.0664e+09,1863.4
1.067e+09 ,1860.9
1.067e+09 ,1860.6
1.067e+09 ,1860.7
1.067e+09 ,1862.9
1.0677e+09,1866.9
1.0677e+09,1869
1.0677e+09,1885.6
1.0683e+09,1868.6
1.0683e+09,1869.6
1.0683e+09,1874.8
1.0683e+09,1875
1.0687e+09,1883.4
1.0687e+09,1884.5
1.0687e+09,1883.2
1.0687e+09,1885.1
1.0694e+09,1929.6
1.0694e+09,1933.8
1.0694e+09,1924.4
1.0694e+09,1923
1.0701e+09,1877.8
1.0701e+09,1878.4
1.0701e+09,1877.1
1.0701e+09,1878.1
1.0707e+09,1916.7
1.0707e+09,1916.7
1.0707e+09,1918.7
1.0715e+09,1893.9
1.0715e+09,1893.3
1.0715e+09,1895
1.0731e+09,1879.5
1.0731e+09,1879
1.0731e+09,1880.9
1.0731e+09,1880.5
1.0737e+09,1899.6
1.0737e+09,1899.3
1.0737e+09,1898.6
1.0737e+09,1897.5
1.0743e+09,1886.3
1.0743e+09,1884.1
1.0749e+09,1878.3
1.0749e+09,1877.9
1.0749e+09,1875.6
1.0749e+09,1876.5
1.0756e+09,1902.2
1.0756e+09,1901.8
1.0756e+09,1900.3
1.0756e+09,1897.6
1.0764e+09,1892.3
1.0764e+09,1893.6
1.0764e+09,1895.1
1.0764e+09,1894.6
1.0767e+09,1887.5
1.0767e+09,1888.8
1.0767e+09,1889.5
1.0767e+09,1886.7
1.0783e+09,1863.8
1.0783e+09,1862.1
1.0783e+09,1861.7
1.0783e+09,1863.2
1.0788e+09,1889.5
1.0788e+09,1888.3
1.0788e+09,1901.6
1.0788e+09,1899.8
1.0791e+09,1870.2
1.0791e+09,1870.4
1.0791e+09,1872.8
1.0791e+09,1871.9
1.0798e+09,1883.4
1.0798e+09,1884.9
1.0798e+09,1882.4
1.0798e+09,1881.2
1.0804e+09,1873
1.0804e+09,1871.5
1.0804e+09,1871.7
1.0804e+09,1871.3
1.0809e+09,1870.9
1.0809e+09,1869.2
1.0809e+09,1867.3
1.0809e+09,1870.6
1.0816e+09,1876.4
1.0816e+09,1875.9
1.0816e+09,1878.9
1.0816e+09,1876.9
1.0821e+09,1868.9
1.0821e+09,1869.3
1.0821e+09,1874.1
1.0821e+09,1872.2
1.0828e+09,1864.6
1.0828e+09,1865.6
1.0828e+09,1864.5
1.0828e+09,1864.9
1.0833e+09,1874.6
1.0833e+09,1874.2
1.0833e+09,1876.7
1.0833e+09,1878.9
1.084e+09 ,1858.3
1.084e+09 ,1862.5
1.084e+09 ,1859.3
1.084e+09 ,1858.7
1.0852e+09,1868.7
1.0852e+09,1869.5
1.0852e+09,1861.9
1.0852e+09,1863.8
1.0858e+09,1850.7
1.0858e+09,1850
1.0858e+09,1853.1
1.0858e+09,1853.4
1.0863e+09,1845.5
1.0863e+09,1843.8
1.0863e+09,1841.5
1.0863e+09,1842.4
1.0869e+09,1846.5
1.0869e+09,1846.6
1.0869e+09,1846.3
1.0869e+09,1847.1
1.0878e+09,1856.8
1.0878e+09,1859.2
1.0878e+09,1844.2
1.0878e+09,1844.9
1.0882e+09,1845.3
1.0882e+09,1846.4
1.0882e+09,1855.6
1.0882e+09,1857.5
1.0887e+09,1841.7
1.0887e+09,1841.6
1.0887e+09,1840.5
1.0887e+09,1840.4
1.0897e+09,1839.9
1.0897e+09,1840.3
1.0897e+09,1839.4
1.0897e+09,1837.8
1.0903e+09,1866
1.0903e+09,1860.1
1.0903e+09,1865.5
1.0903e+09,1863.7
1.0911e+09,1838.3
1.0911e+09,1835.7
1.0911e+09,1843
1.0911e+09,1841.4
1.0918e+09,1878.5
1.0918e+09,1878.9
1.0918e+09,1871.2
1.0918e+09,1868.3
1.0924e+09,1863.5
1.0924e+09,1863.2
1.0924e+09,1866.2
1.0924e+09,1867.8
1.093e+09 ,1857.8
1.093e+09 ,1862
1.093e+09 ,1863.6
1.0935e+09,1842
1.0935e+09,1838.4
1.0935e+09,1841.7
1.0935e+09,1837.9
1.0942e+09,1855.6
1.0942e+09,1855.1
1.0942e+09,1858.1
1.0942e+09,1856
1.0951e+09,1853.1
1.0951e+09,1852.5
1.0951e+09,1851.8
1.0951e+09,1856.1
1.0955e+09,1879.2
1.0955e+09,1877.7
1.0955e+09,1883.1
1.0955e+09,1882.7
1.0961e+09,1851.1
1.0961e+09,1854
1.0961e+09,1852.6
1.0961e+09,1854.1
1.0967e+09,1896.1
1.0967e+09,1893.1
1.0967e+09,1907.9
1.0967e+09,1899.7
1.0972e+09,1850.9
1.0972e+09,1849.8
1.0972e+09,1852.9
1.0972e+09,1853.2
1.0976e+09,1857.8
1.0976e+09,1856.2
1.0976e+09,1854.4
1.0976e+09,1857.7
1.0987e+09,1851.2
1.0987e+09,1853.4
1.0987e+09,1857.6
1.0987e+09,1858.4
1.0997e+09,1871
1.1003e+09,1884.2
1.1003e+09,1884.4
1.1003e+09,1885.5
1.1003e+09,1884.7
1.1006e+09,1862.7
1.1006e+09,1861.4
1.1006e+09,1864.7
1.1006e+09,1864.4
1.1013e+09,1855.9
1.1013e+09,1854.2
1.1013e+09,1855
1.1013e+09,1858.9
1.1018e+09,1861.8
1.1018e+09,1863
1.1018e+09,1859.3
1.1018e+09,1859.7
1.1025e+09,1867.8
1.1025e+09,1864.8
1.1025e+09,1864
1.1025e+09,1864.8
1.103e+09 ,1861.8
1.103e+09 ,1863.6
1.1031e+09,1865.6
1.1031e+09,1863.8
1.1038e+09,1873.5
1.1038e+09,1872.8
1.1038e+09,1876.7
1.1038e+09,1875
1.1048e+09,1883.1
1.1048e+09,1885.7
1.1048e+09,1876.4
1.1048e+09,1872.9
1.1051e+09,1857.2
1.1051e+09,1853.6
1.1051e+09,1862.5
1.1057e+09,1920
1.1057e+09,1921.5
1.1057e+09,1920.1
1.1057e+09,1922.9
1.1063e+09,1878.4
1.1063e+09,1880.4
1.1063e+09,1881
1.1063e+09,1882.4
1.1069e+09,1872.6
1.1069e+09,1873.1
1.1069e+09,1877.6
1.1069e+09,1874.3
1.1075e+09,1886.2
1.1075e+09,1881.8
1.1075e+09,1884.4
1.1075e+09,1884
1.1081e+09,1887
1.1081e+09,1891.6
1.1082e+09,1906.6
1.1082e+09,1906.5
1.1088e+09,1882.7
1.1088e+09,1882.3
1.1088e+09,1874.6
1.1088e+09,1876.5
1.1094e+09,1891.8
1.1094e+09,1891.9
1.1094e+09,1891.6
1.1094e+09,1890.1
1.11e+09  ,1872.2
1.11e+09  ,1872.9
1.11e+09  ,1870.7
1.11e+09  ,1871
1.1103e+09,1868.2
1.1103e+09,1870
1.1103e+09,1863.7
1.1103e+09,1859
1.1115e+09,1890.8
1.1115e+09,1892.1
1.1115e+09,1890.2
1.1115e+09,1886.6
1.1118e+09,1884.4
1.1118e+09,1882.9
1.1118e+09,1883.6
1.1118e+09,1882.8
1.1124e+09,1861
1.1124e+09,1864.2
1.1124e+09,1863.2
1.1124e+09,1865.3
1.1128e+09,1871.6
1.1128e+09,1871.9
1.1128e+09,1869.4
1.1128e+09,1869.7
1.1133e+09,1871.2
1.1133e+09,1870.7
1.1133e+09,1869.3
1.1133e+09,1867.6
1.1142e+09,1868.2
1.1142e+09,1868.3
1.1142e+09,1867.6
1.1148e+09,1883.7
1.1148e+09,1890.3
1.1154e+09,1860.6
1.1154e+09,1861.2
1.116e+09 ,1856.8
1.116e+09 ,1856.5
1.116e+09 ,1857.4
1.116e+09 ,1855.2
1.1166e+09,1854.4
1.1166e+09,1849.8
1.1166e+09,1852.5
1.1166e+09,1855.3
1.1172e+09,1852
1.1172e+09,1848.7
1.1172e+09,1850.5
1.1172e+09,1848.8
1.1178e+09,1842.2
1.1178e+09,1843.3
1.1178e+09,1839.5
1.1178e+09,1843.8
1.1184e+09,1841.8
1.1184e+09,1833.4
1.1184e+09,1838.6
1.1184e+09,1840.1
1.119e+09 ,1839.3
1.119e+09 ,1837.4
1.119e+09 ,1835.8
1.119e+09 ,1835.7
1.1199e+09,1858.4
1.1199e+09,1856.7
1.1199e+09,1852.8
1.1199e+09,1855.8
1.1202e+09,1833.9
1.1202e+09,1835.3
1.1203e+09,1827.1
1.1203e+09,1835.9
1.1209e+09,1835.7
1.1209e+09,1837.9
1.1209e+09,1837.2
1.1209e+09,1835.5
1.1217e+09,1830.3
1.1217e+09,1824.6
1.1217e+09,1829
1.1217e+09,1827.5
1.1221e+09,1830.5
1.1221e+09,1831.6
1.1221e+09,1832.6
1.1221e+09,1831.6
1.1229e+09,1844.3
1.1229e+09,1840.6
1.1229e+09,1835.7
1.1229e+09,1830.7
1.1245e+09,1856.8
1.1245e+09,1857.7
1.1245e+09,1851.4
1.1245e+09,1855.5
1.1251e+09,1862.1
1.1251e+09,1861.3
1.1251e+09,1861.5
1.1251e+09,1865.5
1.1257e+09,1849.3
1.1257e+09,1856.3
1.1257e+09,1855.3
1.1263e+09,1880.3
1.1263e+09,1881.4
1.1263e+09,1862.5
1.1263e+09,1856.9
1.1268e+09,1914.4
1.1268e+09,1913.7
1.1268e+09,1910.3
1.1268e+09,1909.8
1.1275e+09,1861.6
1.1275e+09,1860.3
1.1275e+09,1864.8
1.1275e+09,1862.5
1.1281e+09,1852.5
1.1281e+09,1853.1
1.1281e+09,1857.1
1.1281e+09,1855.7
1.1287e+09,1859.8
1.1287e+09,1856.8
1.1287e+09,1857.5
1.1287e+09,1860.5
1.1293e+09,1913.7
1.1293e+09,1920.6
1.1302e+09,1854
1.1302e+09,1858.7
1.1305e+09,1883.1
1.1305e+09,1884.2
1.1305e+09,1857
1.1305e+09,1862.5
1.1311e+09,1910.3
1.1311e+09,1911.7
1.1311e+09,1890.5
1.1311e+09,1891
1.1317e+09,1880.5
1.1317e+09,1879
1.1318e+09,1874.8
1.1318e+09,1872.4
1.1323e+09,1871.1
1.1323e+09,1872.8
1.1324e+09,1873
1.1324e+09,1872.8
1.1328e+09,1864.8
1.1328e+09,1865
1.1328e+09,1865.8
1.1328e+09,1867.5
1.1336e+09,1889
1.1336e+09,1886.8
1.1336e+09,1893.6
1.1336e+09,1892.7
1.1342e+09,1873
1.1342e+09,1872.9
1.1342e+09,1871.8
1.1342e+09,1870.8
1.1346e+09,1872.5
1.1346e+09,1872.3
1.1346e+09,1870.2
1.1346e+09,1875
1.1353e+09,1882.1
1.1353e+09,1880.8
1.1353e+09,1878.8
1.1353e+09,1881.8
1.1359e+09,1870.9
1.1359e+09,1867
1.136e+09 ,1872.9
1.136e+09 ,1872.1
1.1366e+09,1887.8
1.1366e+09,1891.1
1.1366e+09,1893.7
1.1366e+09,1890.6
1.1372e+09,1865.6
1.1372e+09,1864.6
1.1372e+09,1868.3
1.1372e+09,1865.9
1.1378e+09,1881.9
1.1378e+09,1881.7
1.1378e+09,1881.9
1.1378e+09,1883.9
1.1384e+09,1872.1
1.1384e+09,1874.2
1.1384e+09,1868.1
1.1384e+09,1871.3
1.1393e+09,1880.3
1.1393e+09,1877.1
1.1393e+09,1878.7
1.1393e+09,1880.6
1.1399e+09,1911.5
1.1399e+09,1917.1
1.1399e+09,1896.1
1.1399e+09,1892.4
1.1402e+09,1869.4
1.1402e+09,1869.2
1.1402e+09,1870.9
1.1402e+09,1873.6
1.1408e+09,1899.1
1.1408e+09,1899.2
1.1408e+09,1922.8
1.1408e+09,1922.1
1.1414e+09,1882.7
1.1414e+09,1884.7
1.1414e+09,1886
1.1414e+09,1884.9
1.142e+09 ,1876.5
1.142e+09 ,1877.4
1.142e+09 ,1895.7
1.142e+09 ,1896.1
1.1426e+09,1879.5
1.1426e+09,1878.6
1.1426e+09,1874.6
1.1426e+09,1877
1.1432e+09,1876.9
1.1432e+09,1875.5
1.1432e+09,1920.5
1.1432e+09,1923
1.1437e+09,1894.4
1.1437e+09,1893.5
1.1437e+09,1890
1.1437e+09,1883.6
1.1444e+09,1861.3
1.1444e+09,1863.7
1.1445e+09,1865.5
1.1445e+09,1862.4
1.145e+09 ,1857
1.145e+09 ,1861.4
1.1451e+09,1860.1
1.1451e+09,1862.9
1.1456e+09,1862.6
1.1456e+09,1862.7
1.1456e+09,1863.8
1.1463e+09,1866.5
1.1463e+09,1866.4
1.1463e+09,1863.8
1.1463e+09,1864.5
1.1469e+09,1863.9
1.1469e+09,1860.7
1.1469e+09,1862.5
1.1469e+09,1860.5
1.1475e+09,1867.8
1.1475e+09,1866.6
1.1475e+09,1857.2
1.1481e+09,1850.8
1.1481e+09,1851
1.1487e+09,1854
1.1487e+09,1853.2
1.1487e+09,1858
1.1487e+09,1858.4
1.1493e+09,1851.5
1.1493e+09,1852.3
1.1493e+09,1842
1.1493e+09,1849.9
1.1505e+09,1851.6
1.1505e+09,1849.5
1.1505e+09,1848.3
1.1505e+09,1848.7
1.1511e+09,1852.8
1.1511e+09,1850.9
1.1522e+09,1841
1.1522e+09,1835.6
1.1522e+09,1839.4
1.1522e+09,1841.3
1.1529e+09,1854.8
1.1529e+09,1856.2
1.1535e+09,1845.7
1.1535e+09,1843.1
1.1535e+09,1847.8
1.1535e+09,1847.9
1.1541e+09,1838.3
1.1541e+09,1838.1
1.1546e+09,1844.1
1.1546e+09,1839.9
1.1546e+09,1845.7
1.1546e+09,1847.6
1.1553e+09,1832.1
1.1553e+09,1833.8
1.1559e+09,1831
1.1559e+09,1829.4
1.1559e+09,1831.9
1.1565e+09,1835.2
1.1565e+09,1834.8
1.1565e+09,1837.1
1.1565e+09,1841.3
1.157e+09 ,1865.2
1.157e+09 ,1865.6
1.1571e+09,1860.1
1.1571e+09,1853.8
1.1578e+09,1863.5
1.1578e+09,1861.6
1.1578e+09,1870.3
1.1578e+09,1869.6
1.1589e+09,1857.8
1.1589e+09,1855.5
1.159e+09 ,1856.2
1.159e+09 ,1857.5
1.1596e+09,1908.9
1.1596e+09,1909
1.1602e+09,1853
1.1602e+09,1856.9
1.1602e+09,1856.8
1.1614e+09,1857
1.1614e+09,1859.7
1.1614e+09,1863.6
1.1614e+09,1866.5
1.1619e+09,1848.9
1.1619e+09,1848
1.1619e+09,1907.1
1.1619e+09,1904.8
1.1626e+09,1861.3
1.1626e+09,1860.5
1.1631e+09,1857.3
1.1631e+09,1861.2
1.1638e+09,1871.9
1.1638e+09,1874.7
1.1638e+09,1869.5
1.1638e+09,1867.1
1.1642e+09,1864.7
1.1642e+09,1860.1
1.1642e+09,1862.3
1.1642e+09,1861.7
1.165e+09 ,1877.8
1.165e+09 ,1879.8
1.165e+09 ,1880.3
1.165e+09 ,1880.2
1.1656e+09,1869.8
1.1656e+09,1869.4
1.1656e+09,1867.3
1.1656e+09,1867
1.1662e+09,1866.1
1.1662e+09,1869.1
1.1662e+09,1869.1
1.1662e+09,1875.4
1.1668e+09,1869.7
1.1668e+09,1869.9
1.1668e+09,1895
1.1668e+09,1894.1
1.168e+09 ,1905.6
1.168e+09 ,1903.8
1.168e+09 ,1909
1.168e+09 ,1906.2
1.1692e+09,1887.9
1.1692e+09,1887.1
1.1692e+09,1885.1
1.1692e+09,1885.9
1.1698e+09,1883.1
1.1698e+09,1883.9
1.1699e+09,1913.7
1.1699e+09,1910.5
1.1704e+09,1873.9
1.1704e+09,1873.5
1.1705e+09,1871.5
1.1705e+09,1872.3
1.171e+09 ,1884.1
1.171e+09 ,1883.3
1.1711e+09,1890.4
1.1711e+09,1888.4
1.1717e+09,1880.2
1.1717e+09,1870.5
1.1717e+09,1871.6
1.1717e+09,1872.1
1.1729e+09,1881.8
1.1729e+09,1881.3
1.1735e+09,1871.6
1.1735e+09,1869.5
1.1735e+09,1868.7
1.1735e+09,1866.7
1.1741e+09,1872.8
1.1741e+09,1873.3
1.1741e+09,1877.6
1.1741e+09,1879.8
1.1747e+09,1883.7
1.1747e+09,1882.3
1.1747e+09,1883.3
1.1747e+09,1883.5
1.1753e+09,1878.5
1.1753e+09,1876
1.1753e+09,1879.6
1.1753e+09,1880
1.1759e+09,1884.5
1.1759e+09,1880.5
1.1759e+09,1874.5
1.1759e+09,1874
1.1765e+09,1887.6
1.1765e+09,1890.8
1.1765e+09,1895
1.1765e+09,1896.4
1.1771e+09,1869.2
1.1771e+09,1870.3
1.1771e+09,1869.3
1.1771e+09,1870.2
1.1777e+09,1871.7
1.1777e+09,1870.3
1.1777e+09,1867.3
1.1777e+09,1865.7
1.1783e+09,1864.8
1.1783e+09,1865.8
1.1783e+09,1862.5
1.1783e+09,1863.9
1.1789e+09,1856.9
1.1789e+09,1857.5
1.1795e+09,1872.9
1.1795e+09,1873.6
1.1795e+09,1854.4
1.1795e+09,1855.7
1.1801e+09,1856.4
1.1801e+09,1853.2
1.1801e+09,1858.9
1.1801e+09,1860.1
1.1807e+09,1852.3
1.1807e+09,1853
1.1807e+09,1854.4
1.1807e+09,1856.5
1.1813e+09,1865
1.1813e+09,1864.2
1.1813e+09,1873.5
1.1813e+09,1873.2
1.1819e+09,1849.9
1.1819e+09,1850.8
1.1819e+09,1850.1
1.1819e+09,1848.1
1.1825e+09,1854.5
1.1825e+09,1856.1
1.1826e+09,1853
1.1826e+09,1853.3
1.1831e+09,1848.6
1.1831e+09,1849.4
1.1832e+09,1847.4
1.1832e+09,1848.8
1.1849e+09,1838
1.1849e+09,1837
1.1849e+09,1842.1
1.1849e+09,1842.8
1.1856e+09,1836.7
1.1856e+09,1838.9
1.1856e+09,1840.1
1.1856e+09,1839
1.1862e+09,1852.2
1.1862e+09,1851.7
1.1862e+09,1855.1
1.1862e+09,1858.3
1.1874e+09,1858.1
1.1874e+09,1856.5
1.1874e+09,1858.1
1.1874e+09,1860.7
1.1898e+09,1898
1.1898e+09,1899.3
1.1904e+09,1873.1
1.1904e+09,1871.8
1.191e+09 ,1875
1.191e+09 ,1876.2
1.1916e+09,1874.2
1.1916e+09,1876.2
1.1928e+09,1877.8
1.1928e+09,1878.3
1.1928e+09,1876.9
1.1928e+09,1879.6
1.1934e+09,1879.6
1.1934e+09,1879.6
1.1934e+09,1882.2
1.1934e+09,1889.3
1.1939e+09,1866.5
1.1939e+09,1867.6
1.194e+09 ,1870.6
1.194e+09 ,1871.1
1.1946e+09,1878.7
1.1946e+09,1877.8
1.1947e+09,1885.3
1.1947e+09,1885.2
1.1953e+09,1871.3
1.1953e+09,1877
1.1953e+09,1871.2
1.1953e+09,1872.8
1.1965e+09,1870.2
1.1965e+09,1869
1.1965e+09,1871
1.1965e+09,1871.4
1.1971e+09,1884.4
1.1971e+09,1888
1.1971e+09,1896
1.1971e+09,1891.2
1.1977e+09,1902.4
1.1977e+09,1900.4
1.1977e+09,1894.1
1.1977e+09,1893
1.1983e+09,1935.8
1.1983e+09,1937.9
1.1989e+09,1895.7
1.1989e+09,1897.4
1.1989e+09,1897.3
1.1989e+09,1895.2
1.1998e+09,1879
1.1998e+09,1878
1.2001e+09,1879.2
1.2001e+09,1877.8
1.2001e+09,1885.2
1.2001e+09,1885.2
1.2013e+09,1929.3
1.2013e+09,1930.1
1.2022e+09,1925.4
1.2022e+09,1924.9
1.2022e+09,1932.4
1.2022e+09,1933.1
1.203e+09 ,1926.3
1.203e+09 ,1927.8
1.203e+09 ,1919.4
1.203e+09 ,1918.8
1.2037e+09,1913
1.2037e+09,1913.8
1.2037e+09,1910.9
1.2037e+09,1913.6
1.2042e+09,1905.1
1.2042e+09,1908.9
1.2049e+09,1904.1
1.2049e+09,1907.6
1.2049e+09,1908.8
1.2049e+09,1909.2
1.2058e+09,1885
1.2058e+09,1889.1
1.2058e+09,1890.1
1.2058e+09,1886.2
1.2072e+09,1881.2
1.2072e+09,1881.2
1.2072e+09,1882.3
1.2072e+09,1884.2
1.208e+09 ,1915.7
1.208e+09 ,1915.3
1.208e+09 ,1916.1
1.208e+09 ,1917.2
1.2102e+09,1874.9
1.2102e+09,1873.5
1.2102e+09,1872.7
1.2102e+09,1872.8
1.2104e+09,1870.1
1.2104e+09,1874.7
1.2104e+09,1874.5
1.2104e+09,1875
1.2111e+09,1865.5
1.2111e+09,1864
1.2111e+09,1865.5
1.2111e+09,1864.9
1.2116e+09,1898.3
1.2116e+09,1900.7
1.2116e+09,1898.1
1.2116e+09,1899.8
1.2119e+09,1863.2
1.2119e+09,1863.6
1.2119e+09,1862.7
1.2119e+09,1864.1
1.2125e+09,1860.9
1.2125e+09,1863.2
1.2125e+09,1863.3
1.2125e+09,1865.1
1.2132e+09,1857.6
1.2132e+09,1856.6
1.2132e+09,1861.7
1.2132e+09,1863
1.214e+09 ,1862.7
1.214e+09 ,1864.5
1.214e+09 ,1861.7
1.2146e+09,1852.8
1.2146e+09,1854.3
1.2146e+09,1853.6
1.2146e+09,1853.6
1.2151e+09,1853.8
1.2151e+09,1852.9
1.2151e+09,1854.7
1.2151e+09,1853.8
1.2155e+09,1862.6
1.2155e+09,1861.3
1.2156e+09,1864.5
1.2156e+09,1868.3
1.2163e+09,1849.3
1.2163e+09,1845.8
1.2163e+09,1848
1.2163e+09,1845
1.217e+09 ,1848.6
1.217e+09 ,1849.1
1.217e+09 ,1847.9
1.2176e+09,1843.4
1.2176e+09,1842
1.2176e+09,1844.4
1.2176e+09,1842.6
1.2182e+09,1849.8
1.2182e+09,1848.4
1.2182e+09,1852
1.2182e+09,1852.5
1.2187e+09,1846.1
1.2187e+09,1848.9
1.2187e+09,1849.1
1.2187e+09,1848.4
1.2204e+09,1851.7
1.2204e+09,1850.1
1.2204e+09,1854
1.2204e+09,1858.2
1.2228e+09,1871.1
1.2228e+09,1869.7
1.2234e+09,1879.4
1.2234e+09,1878.8
1.2234e+09,1884.6
1.2234e+09,1881.8
1.2237e+09,1872
1.2237e+09,1871.9
1.2237e+09,1871.6
1.2237e+09,1872.3
1.2249e+09,1876.2
1.2249e+09,1876
1.2249e+09,1877.4
1.2249e+09,1876.8
1.2255e+09,1930.5
1.2255e+09,1929.4
1.2261e+09,1879.6
1.2261e+09,1877.8
1.2261e+09,1882.7
1.2261e+09,1883.1
1.2267e+09,1882.6
1.2267e+09,1882.8
1.2267e+09,1885.9
1.2267e+09,1887
1.2274e+09,1920
1.2274e+09,1920
1.2274e+09,1921.1
1.2274e+09,1923.6
1.2282e+09,1908.6
1.2282e+09,1908.9
1.2282e+09,1910.6
1.2282e+09,1913.6
1.2285e+09,1887.1
1.2285e+09,1887
1.2285e+09,1891.8
1.2285e+09,1888.5
1.229e+09 ,1902.1
1.229e+09 ,1901.6
1.229e+09 ,1899.2
1.229e+09 ,1901.8
1.2295e+09,1919
1.2295e+09,1918
1.2295e+09,1900.9
1.2295e+09,1903.5
1.2305e+09,1931.6
1.2305e+09,1927.4
1.2305e+09,1909.9
1.2305e+09,1912
1.2309e+09,1898.1
1.2309e+09,1899
1.2309e+09,1903.8
1.2309e+09,1898.8
1.2315e+09,1907.8
1.2315e+09,1907.3
1.2315e+09,1908.4
1.2315e+09,1906.6
1.2321e+09,1900.2
1.2321e+09,1899.3
1.2321e+09,1900
1.2321e+09,1898.5
1.2328e+09,1875.2
1.2328e+09,1875.4
1.2333e+09,1926.5
1.2333e+09,1927.2
1.2334e+09,1932.4
1.2334e+09,1932.4
1.2339e+09,1893.1
1.2339e+09,1894
1.2339e+09,1893.2
1.2339e+09,1890.2
1.2345e+09,1912.1
1.2345e+09,1910.4
1.2355e+09,1886
1.2355e+09,1884.5
1.2358e+09,1896.4
1.2358e+09,1895.8
1.2358e+09,1896.3
1.2358e+09,1895.9
1.2362e+09,1911.3
1.2362e+09,1911.2
1.2362e+09,1911.5
1.2362e+09,1911.4
1.2369e+09,1925.2
1.2369e+09,1924.2
1.2369e+09,1920.9
1.2369e+09,1921
1.2374e+09,1897.1
1.2374e+09,1896.1
1.2374e+09,1895.9
1.2374e+09,1896.8
1.2381e+09,1891.8
1.2381e+09,1893.4
1.2381e+09,1891
1.2381e+09,1892
1.2385e+09,1892
1.2385e+09,1891.6
1.2385e+09,1891.7
1.2385e+09,1891.7
1.2391e+09,1903.7
1.2391e+09,1904.3
1.2391e+09,1904
1.2391e+09,1901.6
1.24e+09  ,1909.9
1.24e+09  ,1909.2
1.24e+09  ,1905.8
1.24e+09  ,1903.5
1.2405e+09,1902.7
1.2405e+09,1899
1.2405e+09,1897.5
1.2405e+09,1898.7
1.2412e+09,1863.3
1.2412e+09,1865.5
1.2412e+09,1864.3
1.2412e+09,1864.5
1.2419e+09,1881.3
1.2419e+09,1883
1.2419e+09,1884.7
1.2419e+09,1884.6
1.2425e+09,1885.8
1.2425e+09,1885.5
1.2425e+09,1884.4
1.2425e+09,1885.8
1.243e+09 ,1877.2
1.243e+09 ,1878.2
1.243e+09 ,1878.5
1.243e+09 ,1878.5
1.2436e+09,1876.7
1.2436e+09,1876
1.2436e+09,1876.9
1.2436e+09,1877.3
1.2441e+09,1868.9
1.2441e+09,1870.4
1.2441e+09,1870.9
1.2441e+09,1868.3
1.2446e+09,1862.6
1.2446e+09,1861.8
1.2446e+09,1862.3
1.2446e+09,1863.5
1.2453e+09,1856.5
1.2453e+09,1857.3
1.2453e+09,1858.3
1.2453e+09,1856.3
1.246e+09 ,1854.2
1.246e+09 ,1854
1.246e+09 ,1855.7
1.246e+09 ,1854.3
1.2468e+09,1850.7
1.2468e+09,1849
1.2468e+09,1850.4
1.2468e+09,1850.6
1.2474e+09,1874.7
1.2474e+09,1863.8
1.2474e+09,1863
1.2479e+09,1853.8
1.2479e+09,1854.1
1.2479e+09,1857.3
1.2479e+09,1857.4
1.2485e+09,1847.3
1.2485e+09,1847.7
1.2485e+09,1847.5
1.2485e+09,1849.4
1.2487e+09,1856.1
1.2487e+09,1855.1
1.2487e+09,1857.7
1.2487e+09,1855.5
1.2499e+09,1856.5
1.2499e+09,1856.6
1.2499e+09,1856.2
1.2499e+09,1857.2
1.2505e+09,1882.3
1.2505e+09,1883.1
1.2505e+09,1891.6
1.2505e+09,1891.5
1.2509e+09,1926.7
1.2509e+09,1924.2
1.2509e+09,1930.5
1.2509e+09,1926.2
1.2517e+09,1870.8
1.2517e+09,1872.6
1.2517e+09,1873.7
1.2517e+09,1873.9
1.2523e+09,1871.9
1.2523e+09,1872.3
1.2523e+09,1870.3
1.2523e+09,1872
1.2526e+09,1883.7
1.2526e+09,1883.4
1.2526e+09,1883.1
1.2526e+09,1882.2
1.2533e+09,1873.3
1.2533e+09,1873.9
1.2533e+09,1875.4
1.2533e+09,1874.2
1.2538e+09,1874.2
1.2544e+09,1890.5
1.2544e+09,1891.3
1.2551e+09,1909.7
1.2551e+09,1911.2
1.2551e+09,1912.1
1.2551e+09,1911.6
1.2559e+09,1880.4
1.2559e+09,1880.3
1.2559e+09,1881.7
1.2559e+09,1880.6
1.2572e+09,1880.6
1.2572e+09,1880.2
1.2572e+09,1884.4
1.2572e+09,1882.9
1.2582e+09,1875.6
1.2582e+09,1875.9
1.2582e+09,1876.3
1.2582e+09,1876.6
1.2588e+09,1885.5
1.2588e+09,1886.4
1.2588e+09,1886.3
1.2588e+09,1886.4
1.2592e+09,1881
1.2592e+09,1880.6
1.2592e+09,1883
1.2592e+09,1880.8
1.26e+09  ,1893.3
1.26e+09  ,1893.1
1.2601e+09,1895.9
1.2601e+09,1896.8
1.2606e+09,1880.8
1.2606e+09,1882.5
1.2606e+09,1880.8
1.2606e+09,1883.7
1.2612e+09,1911.8
1.2612e+09,1914
1.2612e+09,1911.9
1.2612e+09,1910
1.2616e+09,1893.5
1.2616e+09,1894.2
1.2616e+09,1893.3
1.2616e+09,1894
1.2626e+09,1909.7
1.2626e+09,1911.1
1.2626e+09,1920.8
1.2626e+09,1917.9
1.263e+09 ,1908.8
1.263e+09 ,1908.2
1.2636e+09,1918.2
1.2636e+09,1913.9
1.2642e+09,1931.7
1.2642e+09,1929.4
1.2649e+09,1884.3
1.2649e+09,1886.5
1.2653e+09,1904.8
1.2653e+09,1907.8
1.2658e+09,1897.4
1.2658e+09,1895.5
1.266e+09 ,1907.3
1.266e+09 ,1907.2
1.266e+09 ,1906.3
1.266e+09 ,1907.5
1.2666e+09,1889.6
1.2666e+09,1892.4
1.2666e+09,1893.8
1.2666e+09,1891.4
1.2672e+09,1896.3
1.2672e+09,1899
1.2672e+09,1898.6
1.2672e+09,1896.8
1.2678e+09,1895.1
1.2678e+09,1895.4
1.2678e+09,1895
1.2678e+09,1894.8
1.2684e+09,1898.7
1.2684e+09,1898.2
1.269e+09 ,1892.7
1.269e+09 ,1892.6
1.269e+09 ,1893.4
1.269e+09 ,1892.3
1.2696e+09,1894.7
1.2696e+09,1895.9
1.2696e+09,1896.2
1.2696e+09,1896.2
1.2702e+09,1897.4
1.2702e+09,1897.7
1.2702e+09,1892.8
1.2702e+09,1895.3
1.2708e+09,1899.1
1.2708e+09,1899.9
1.2708e+09,1902.9
1.2708e+09,1903.9
1.2714e+09,1914.2
1.2714e+09,1912.8
1.2714e+09,1914.7
1.2714e+09,1913.4
1.2721e+09,1896.9
1.2721e+09,1896.7
1.2721e+09,1899.1
1.2721e+09,1899.1
1.2727e+09,1887
1.2727e+09,1887.3
1.2727e+09,1887.3
1.2727e+09,1885.8
1.2733e+09,1899.1
1.2733e+09,1899.1
1.2733e+09,1899.1
1.2733e+09,1896.9
1.2739e+09,1879.3
1.2739e+09,1878.9
1.2739e+09,1879.6
1.2739e+09,1879.8
1.2745e+09,1876.3
1.2745e+09,1876.6
1.2745e+09,1877
1.2745e+09,1875.2
1.2751e+09,1871.2
1.2751e+09,1872.8
1.2751e+09,1872.3
1.2751e+09,1871.5
1.2756e+09,1867.4
1.2756e+09,1867.7
1.2756e+09,1867.2
1.2756e+09,1866.5
1.2762e+09,1921.2
1.2762e+09,1924.6
1.2762e+09,1928.4
1.2762e+09,1926.3
1.2769e+09,1858.5
1.2769e+09,1857.8
1.2769e+09,1858.8
1.2769e+09,1857.7
1.2775e+09,1856.2
1.2775e+09,1856.5
1.2775e+09,1857
1.2775e+09,1856.6
1.2781e+09,1874.6
1.2781e+09,1872.4
1.2781e+09,1873.6
1.2781e+09,1873.2
1.2786e+09,1876.7
1.2786e+09,1877.7
1.2786e+09,1877.2
1.2786e+09,1876.7
1.2787e+09,1887.9
1.2787e+09,1888
1.2787e+09,1892.5
1.2787e+09,1890.2
1.2793e+09,1890.1
1.2793e+09,1892
1.2793e+09,1895.2
1.2793e+09,1898
1.2799e+09,1950.6
1.2799e+09,1949.7
1.2799e+09,1950.3
1.2799e+09,1950.2
1.2805e+09,1896.3
1.2805e+09,1897.6
1.2805e+09,1898.2
1.2805e+09,1898.3
1.2811e+09,1855.5
1.2811e+09,1855.3
1.2811e+09,1861.6
1.2811e+09,1859.8
1.2817e+09,1900
1.2817e+09,1896.3
1.2817e+09,1891
1.2817e+09,1889.7
1.2823e+09,1873
1.2823e+09,1874.3
1.2823e+09,1873.3
1.2823e+09,1874.1
1.2829e+09,1873.3
1.2829e+09,1873.3
1.2829e+09,1876.3
1.2829e+09,1878
1.2835e+09,1904.5
1.2835e+09,1904.1
1.2835e+09,1901.6
1.2835e+09,1901
1.2841e+09,1897.4
1.2841e+09,1899.7
1.2841e+09,1894.4
1.2841e+09,1895.5
1.2847e+09,1895.4
1.2847e+09,1894.8
1.2847e+09,1893.3
1.2847e+09,1892.1
1.2854e+09,1903
1.2854e+09,1901.9
1.2854e+09,1900.1
1.2854e+09,1902.7
1.286e+09 ,1935.5
1.286e+09 ,1935.4
1.286e+09 ,1928
1.286e+09 ,1932.7
1.2866e+09,1927.1
1.2866e+09,1928.3
1.2872e+09,1887.5
1.2872e+09,1887
1.2872e+09,1887.1
1.2872e+09,1887.3
1.2878e+09,1879.7
1.2878e+09,1879.1
1.2878e+09,1878.8
1.2878e+09,1877
1.2884e+09,1880.5
1.2884e+09,1880
1.289e+09 ,1889.1
1.289e+09 ,1890.2
1.289e+09 ,1888.6
1.289e+09 ,1887.4
1.2896e+09,1885.9
1.2896e+09,1886.2
1.2896e+09,1885.2
1.2896e+09,1885
1.2902e+09,1912.9
1.2902e+09,1911.4
1.2902e+09,1908.7
1.2902e+09,1906.9
1.2908e+09,1891.8
1.2908e+09,1893.4
1.2908e+09,1892
1.2908e+09,1891.1
1.2914e+09,1904.2
1.2914e+09,1903.9
1.2914e+09,1902.1
1.2914e+09,1904.1
1.292e+09 ,1917.7
1.292e+09 ,1918
1.292e+09 ,1915.4
1.292e+09 ,1916.2
1.2926e+09,1940.2
1.2926e+09,1939.7
1.2926e+09,1941.1
1.2926e+09,1939.3
1.293e+09 ,1915.1
1.293e+09 ,1914.7
1.293e+09 ,1914.5
1.293e+09 ,1913.5
1.2937e+09,1930.2
1.2937e+09,1931.4
1.2937e+09,1932.5
1.2937e+09,1931.7
1.2944e+09,1905.4
1.2944e+09,1906.2
1.2944e+09,1906.3
1.2944e+09,1906
1.295e+09 ,1941.1
1.295e+09 ,1940.9
1.295e+09 ,1938.3
1.295e+09 ,1936.4
1.2962e+09,1906.9
1.2962e+09,1903.8
1.2962e+09,1904.9
1.2962e+09,1905.4
1.2968e+09,1914.7
1.2968e+09,1915
1.2975e+09,1890.4
1.2975e+09,1892.8
1.2975e+09,1889.2
1.2975e+09,1888.9
1.2983e+09,1905.9
1.2983e+09,1907.5
1.2983e+09,1904.3
1.2983e+09,1902.8
1.2989e+09,1913.1
1.2989e+09,1912.6
1.2989e+09,1912.6
1.2989e+09,1913.5
1.2993e+09,1939.8
1.2993e+09,1940.7
1.2993e+09,1945.6
1.2993e+09,1945.6
1.2998e+09,1897.1
1.2998e+09,1897.3
1.2998e+09,1900.3
1.2998e+09,1899.5
1.3005e+09,1926
1.3005e+09,1926.4
1.3005e+09,1890.2
1.3005e+09,1892.4
1.301e+09 ,1895.7
1.301e+09 ,1897
1.301e+09 ,1896.9
1.301e+09 ,1896
1.3017e+09,1911
1.3017e+09,1910
1.3017e+09,1912.3
1.3017e+09,1911.1
1.3022e+09,1907.8
1.3022e+09,1906.3
1.3022e+09,1906.3
1.3022e+09,1905.7
1.3028e+09,1899.9
1.3028e+09,1898.7
1.3028e+09,1899.5
1.3028e+09,1900.8
1.3034e+09,1897
1.3034e+09,1897.8
1.3034e+09,1897.2
1.3034e+09,1896.4
1.3038e+09,1920.6
1.3038e+09,1922.7
1.3038e+09,1916.1
1.3038e+09,1916.8
1.3046e+09,1893.9
1.3046e+09,1893.8
1.3046e+09,1896
1.3046e+09,1897.1
1.3051e+09,1884.5
1.3051e+09,1885.9
1.3051e+09,1884
1.3051e+09,1884.8
1.3057e+09,1882.5
1.3057e+09,1883.4
1.3063e+09,1873.5
1.3063e+09,1874.7
1.3063e+09,1874.8
1.3063e+09,1873.5
1.3069e+09,1874
1.3069e+09,1873.6
1.3069e+09,1875.1
1.3069e+09,1874.3
1.3074e+09,1870.8
1.3074e+09,1871.6
1.3074e+09,1870.8
1.3074e+09,1870.7
1.308e+09 ,1861.8
1.308e+09 ,1860.7
1.308e+09 ,1862.3
1.308e+09 ,1861.8
1.3086e+09,1864.3
1.3086e+09,1863.7
1.3086e+09,1863.3
1.3086e+09,1866.4
1.3092e+09,1858.4
1.3092e+09,1859
1.3092e+09,1859.7
1.3092e+09,1859.6
1.3106e+09,1864.7
1.3106e+09,1865.2
1.3106e+09,1864
1.3106e+09,1863.8
1.3115e+09,1878
1.3115e+09,1876.6
1.3115e+09,1882.3
1.3115e+09,1880.3
1.3117e+09,1869.3
1.3117e+09,1871.1
1.3117e+09,1871.8
1.3117e+09,1870.7
1.3122e+09,1873.9
1.3122e+09,1873.2
1.3122e+09,1873.1
1.3122e+09,1876.3
1.3129e+09,1907.2
1.3129e+09,1911.1
1.3129e+09,1917.5
1.3129e+09,1910.8
1.3134e+09,1884.3
1.3134e+09,1881.7
1.3134e+09,1883.3
1.3134e+09,1885
1.3141e+09,1875
1.3141e+09,1876
1.3141e+09,1875.2
1.3141e+09,1877.6
1.3147e+09,1887.9
1.3147e+09,1887
1.3147e+09,1886.9
1.3147e+09,1889.5
1.3156e+09,1897.4
1.3156e+09,1898.1
1.3156e+09,1898.3
1.3156e+09,1899.5
1.3159e+09,1916.1
1.3159e+09,1915.9
1.3159e+09,1923.2
1.3159e+09,1922.7
1.3165e+09,1906.8
1.3165e+09,1905.5
1.3165e+09,1902.2
1.3165e+09,1901.6
1.3171e+09,1892.8
1.3171e+09,1892.9
1.3171e+09,1892.4
1.3171e+09,1890.2
1.3178e+09,1896.7
1.3178e+09,1898.1
1.3178e+09,1892.8
1.3178e+09,1892.4
1.3185e+09,1891.4
1.3185e+09,1889.9
1.3185e+09,1888.2
1.3185e+09,1889.7
1.3189e+09,1890.6
1.3189e+09,1889.7
1.3189e+09,1890.8
1.3189e+09,1891.8
1.3197e+09,1887.4
1.3197e+09,1886.3
1.3197e+09,1888.1
1.3197e+09,1887.6
1.3204e+09,1896.2
1.3204e+09,1896.1
1.3204e+09,1905.8
1.3204e+09,1904.5
1.3207e+09,1909.7
1.3207e+09,1910.5
1.3207e+09,1893
1.3207e+09,1892.6
1.3225e+09,1910.7
1.3225e+09,1911.8
1.3225e+09,1903.8
1.3225e+09,1905.8
1.3233e+09,1908.3
1.3233e+09,1908
1.3233e+09,1908.2
1.3233e+09,1909.1
1.3238e+09,1899.8
1.3238e+09,1899.5
1.3238e+09,1902.5
1.3238e+09,1903
1.3243e+09,1915.4
1.3243e+09,1916.4
1.3243e+09,1925.6
1.3243e+09,1927
1.325e+09 ,1913.1
1.325e+09 ,1912.8
1.325e+09 ,1912.3
1.325e+09 ,1915.8
